customerID,split,Churn
7590-VHVEG,train,0
5575-GNVDE,train,0
3668-QPYBK,train,1
7795-CFOCW,train,0
9237-HQITU,train,1
9305-CDSKC,train,1
1452-KIOVK,test,0
6713-OKOMC,test,0
7892-POOKP,train,1
6388-TABGU,test,0
9763-GRSKD,train,0
7469-LKBCI,train,0
8091-TTVAX,train,0
0280-XJGEX,train,1
5129-JLPIS,test,0
3655-SNQYZ,train,0
8191-XWSZG,train,0
9959-WOFKT,train,0
4190-MFLUW,test,1
4183-MYFRB,train,0
8779-QRDMV,train,1
1680-VDCWW,train,0
1066-JKSGK,train,1
3638-WEABW,train,0
6322-HRPFA,test,0
6865-JZNKO,train,0
6467-CHFZW,train,1
8665-UTDHZ,train,1
5248-YGIJN,train,0
8773-HHUOZ,train,1
3841-NFECX,train,0
4929-XIHVW,train,0
6827-IEAUQ,train,0
7310-EGVHZ,train,0
3413-BMNZE,train,0
6234-RAAPL,train,0
6047-YHPVI,test,1
6572-ADKRS,train,0
5380-WJKOV,test,1
8168-UQWWF,train,1
8865-TNMNX,train,0
9489-DEDVP,train,0
9867-JCZSP,train,0
4671-VJLCL,train,0
4080-IIARD,train,0
3714-NTNFO,train,0
5948-UJZLF,train,0
7760-OYPDY,train,1
7639-LIAYI,train,0
2954-PIBKO,test,0
8012-SOUDQ,train,0
9420-LOJKX,test,1
6575-SUVOI,train,0
7495-OOKFY,test,1
4667-QONEA,train,0
1658-BYGOY,train,1
8769-KKTPH,train,0
5067-XJQFU,train,0
3957-SQXML,train,0
5954-BDFSG,train,0
0434-CSFON,train,0
1215-FIGMP,train,0
0526-SXDJP,train,0
0557-ASKVU,train,0
5698-BQJOH,test,1
5122-CYFXA,train,0
8627-ZYGSZ,train,0
3410-YOQBQ,train,0
3170-NMYVV,train,0
7410-OIEDU,train,0
2273-QCKXA,train,0
0731-EBJQB,train,0
1891-QRQSA,train,0
8028-PNXHQ,test,0
5630-AHZIL,test,0
2673-CXQEU,train,0
6416-JNVRK,train,0
5590-ZSKRV,train,0
0191-ZHSKZ,train,0
3887-PBQAO,train,0
5919-TMRGD,train,1
8108-UXRQN,train,0
9191-MYQKX,train,1
9919-YLNNG,train,0
0318-ZOPWS,train,0
4445-ZJNMU,test,0
4808-YNLEU,train,0
1862-QRWPE,test,0
2796-NNUFI,train,0
3016-KSVCP,train,0
4767-HZZHQ,train,0
2424-WVHPL,train,0
7233-PAHHL,train,0
6067-NGCEU,train,0
9848-JQJTX,train,0
8637-XJIVR,train,1
9803-FTJCG,train,0
0278-YXOOG,train,1
3212-KXOCR,train,0
4598-XLKNJ,train,1
6380-ARCEH,train,0
3679-XASPY,test,0
7123-WQUHX,train,0
5386-THSLQ,train,0
3192-NQECA,train,1
6180-YBIQI,train,0
6728-DKUCO,train,0
9750-BOOHV,train,0
8597-CWYHH,train,0
2848-YXSMW,train,0
0486-HECZI,test,1
4549-ZDQYY,train,0
5712-AHQNN,train,0
4846-WHAFZ,test,1
5256-SKJGO,train,0
3071-VBYPO,train,0
9560-BBZXK,train,0
5299-RULOA,train,1
8402-OOOHJ,train,0
9445-ZUEQE,train,0
1091-SOZGA,train,0
2928-HLDBA,train,0
0404-SWRVG,train,1
6497-TILVL,test,0
7219-TLZHO,train,0
4622-YNKIJ,train,0
4412-YLTKF,test,1
6734-PSBAW,train,0
3930-ZGWVE,test,0
2639-UGMAZ,train,0
2876-GZYZC,train,0
6207-WIOLX,train,1
8587-XYZSF,train,0
3091-FYHKI,train,1
2372-HWUHI,train,1
7799-LGRDP,train,0
7850-VWJUU,train,0
3774-VBNXY,train,0
6217-KDYWC,train,0
0390-DCFDQ,test,1
3146-MSEGF,train,0
4080-OGPJL,train,1
1095-WGNGG,train,0
2636-SJDOU,train,0
1131-QQZEB,train,0
5716-EZXZN,train,0
6837-BJYDQ,train,0
2135-RXIHG,train,1
6440-DKQGE,train,0
3466-BYAVD,train,0
3780-YVMFA,test,0
3874-EQOEP,train,1
1679-JRFBR,train,0
9073-ZZIAY,test,0
3077-RSNTJ,test,0
6551-GNYDG,train,0
9167-APMXZ,test,0
2749-CTKAJ,train,0
6371-NZYEG,train,0
7554-NEWDD,train,0
8992-VONJD,train,0
0867-MKZVY,train,1
4482-EWFMI,train,0
4648-YPBTM,test,0
2907-ILJBN,test,0
6345-FZOQH,test,0
3376-BMGFE,train,1
5997-OPVFA,train,0
3445-HXXGF,train,1
1159-WFSGR,train,0
7654-YWJUF,test,0
1875-QIVME,train,1
6727-IOTLZ,train,0
0691-JVSYA,train,1
5918-VUKWP,train,0
1744-JHKYS,test,0
2656-FMOKZ,train,1
2070-FNEXE,test,1
5947-SGKCL,train,0
3712-PKXZA,train,0
6317-YPKDH,test,1
6582-OIVSP,train,0
9367-WXLCH,train,1
5524-KHNJP,test,0
1918-ZBFQJ,train,1
1024-GUALD,test,1
4827-USJHP,train,0
8167-GJLRN,train,0
0956-SYCWG,train,0
8017-UVSZU,train,0
7100-FQPRV,train,0
2472-OVKUP,train,1
2984-RGEYA,test,0
9680-NIAUV,train,0
2146-EGVDT,train,0
2604-IJPDU,test,0
9178-JHUVJ,train,0
6168-YBYNP,train,0
7255-SSFBC,train,0
3645-DEYGF,train,0
9323-HGFWY,train,0
8544-GOQSH,train,0
3363-DTIVD,train,0
7018-WBJNK,test,0
9142-KZXOP,train,0
7674-YTAFD,train,0
6348-SNFUS,train,0
1285-OKIPP,train,1
7825-ECJRF,train,1
1347-KTTTA,train,0
7841-TZDMQ,train,1
4195-NZGTA,train,0
7157-SMCFK,test,0
4709-LKHYG,test,0
2504-DSHIH,train,0
0699-NDKJM,train,0
9286-BHDQG,test,0
0230-WEQUW,train,0
2040-LDIWQ,train,0
6496-JDSSB,train,0
9408-SSNVZ,train,1
4443-EMBNA,train,0
6469-MRVET,train,0
0742-MOABM,test,1
5961-VUSRV,train,0
6778-JFCMK,train,0
6341-JVQGF,train,0
2232-DMLXU,train,1
4811-JBUVU,train,0
0945-TSONX,train,0
2651-ZCBXV,train,0
3316-UWXUY,train,0
8937-RDTHP,train,1
7083-MIOPC,train,0
1984-GPTEH,train,0
1251-KRREG,train,1
0621-JFHOL,train,0
9903-LYSAB,train,0
0094-OIFMO,train,1
9227-UAQFT,train,0
7301-ABVAD,train,0
6614-FHDBO,train,0
7576-ASEJU,train,0
9058-HRZSV,train,0
4522-AKYLR,train,0
0221-WMXNQ,train,0
0303-UNCIP,train,0
9947-OTFQU,train,1
0322-YINQP,train,1
0959-WHOKV,test,0
4075-JFPGR,test,0
4629-NRXKX,train,1
9514-JDSKI,train,1
3282-ZISZV,train,0
3675-YDUPJ,train,0
4111-BNXIF,train,0
7017-VFHAY,train,0
6655-LHBYW,train,0
4959-JOSRX,train,1
5046-NUHWD,train,0
7273-TEFQD,test,1
3606-TWKGI,train,1
7529-ZDFXI,test,0
7605-BDWDC,train,0
1950-KSVVJ,train,0
0123-CRBRT,test,0
6292-TOSSS,test,0
3197-ARFOY,test,0
6323-AYBRX,train,1
7014-ZZXAW,train,0
4385-GZQXV,train,1
7633-MVPUY,train,0
6366-ZGQGL,train,1
4716-HHKQH,train,0
5940-AHUHD,train,1
6432-TWQLB,train,1
4484-GLZOU,train,1
3179-GBRWV,test,0
8645-KWHJO,train,0
4130-MZLCC,train,0
0314-TKOSI,train,0
8229-MYEJZ,train,0
2080-SRCDE,train,0
9577-WJVCQ,train,0
9512-UIBFX,test,1
6202-DYYFX,train,0
3808-HFKDE,train,0
5583-SXDAG,train,1
3488-PGMQJ,train,1
3580-REOAC,train,1
7534-BFESC,test,1
3727-OWVYD,train,0
2294-SALNE,train,0
4847-TAJYI,train,0
1563-IWQEX,train,0
8203-XJZRC,train,0
6556-DBKZF,train,0
6851-WEFYX,train,0
2985-JUUBZ,train,0
6390-DSAZX,train,1
0895-LMRSF,test,0
8098-LLAZX,train,1
8266-VBFQL,test,0
8181-YHCMF,test,0
2240-HSJQD,train,0
1248-DYXUB,train,0
0265-EDXBD,train,1
4115-BNPJY,train,0
3167-SNQPL,train,0
4091-TVOCN,train,0
1098-TDVUQ,train,0
7277-OZCGZ,test,0
1557-EMYVT,train,0
2799-ARNLO,train,0
7563-BIUPC,train,1
5027-YOCXN,test,0
3973-SKMLN,train,0
2321-OMBXY,train,1
2840-XANRC,train,1
6745-JEFZB,train,0
5020-ZSTTY,train,1
9880-TDQAC,train,0
8705-WZCYL,train,0
7102-JJVTX,train,0
8626-PTQGE,test,0
4983-CLMLV,test,0
5701-YVSVF,train,0
5804-LEPIM,train,1
5697-GOMBF,train,0
2739-CACDQ,train,0
9385-EHGDO,train,0
9498-FIMXL,train,0
2379-GYFLQ,train,0
0122-OAHPZ,train,1
2868-SNELZ,train,1
4322-RCYMT,train,1
6680-NENYN,train,1
2088-IEBAU,test,0
7982-VCELR,train,0
1343-EHPYB,train,1
6035-BXTTY,train,0
6885-PKOAM,train,0
7520-HQWJU,test,0
9639-BUJXT,train,0
5924-SNGKP,test,0
0021-IKXGC,train,0
2034-GDRCN,test,1
8966-SNIZF,train,0
6243-OZGFH,train,0
4654-DLAMQ,train,0
0513-RBGPE,test,0
5160-UXJED,train,0
4115-NZRKS,test,0
0219-YTZUE,train,1
0623-IIHUG,train,1
4572-DVCGN,train,1
3351-NGXYI,train,0
8984-EYLLL,train,0
9057-MSWCO,train,1
9833-TGFHX,train,0
9294-TDIPC,train,0
5229-DTFYB,train,0
0104-PPXDV,train,0
5176-LMJXE,train,0
3583-KRKMD,train,0
1010-DIAUQ,train,1
9069-LGEUL,train,0
7302-ZHMHP,train,0
9571-EDEBV,train,0
3520-FJGCV,train,0
6563-VRERX,train,0
0259-GBZSH,train,1
6122-EFVKN,train,0
2805-EDJPQ,train,0
6862-CQUMB,train,0
7156-MXBJE,train,0
6158-HDPXZ,test,0
9601-BRXPO,train,1
2863-IMQDR,train,0
5686-CMAWK,train,0
5651-CRHKQ,train,0
6905-NIQIN,train,1
8204-YJCLA,train,0
5167-ZFFMM,test,1
6583-SZVGP,test,0
4895-TMWIR,train,1
0533-BNWKF,train,1
1708-PBBOA,train,0
8782-LKFPK,train,0
5522-JBWMO,train,0
3597-MVHJT,train,0
9774-NRNAU,train,0
0224-RLWWD,train,0
9967-ATRFS,train,0
3951-NJCVI,train,0
2977-CEBSX,train,0
0177-PXBAT,train,0
6599-CEBNN,train,1
2519-ERQOJ,train,0
5876-QMYLD,train,0
2277-AXSDC,train,0
9442-JTWDL,train,0
0979-PHULV,test,1
3067-SVMTC,train,0
5495-GPSRW,test,0
7606-BPHHN,test,0
4742-DRORA,train,0
0111-KLBQG,train,0
4800-VHZKI,train,1
7989-CHGTL,train,1
0334-GDDSO,train,1
4163-NCJAK,train,0
5233-AOZUF,train,0
5973-EJGDP,train,0
1996-DBMUS,train,0
7916-VCCPB,train,0
4686-GEFRM,train,0
5249-QYHEX,train,0
0578-SKVMF,train,1
5564-NEMQO,train,1
2233-FAGXV,train,0
5605-IYGFG,train,0
7663-ZTEGJ,train,0
3935-TBRZZ,train,0
8111-BKVDS,train,0
2055-SIFSS,train,0
2806-MLNTI,train,0
8734-DKSTZ,train,0
4360-PNRQB,test,0
6152-ONASV,train,0
9063-ZGTUY,train,1
7781-HVGMK,train,0
2181-UAESM,train,0
2957-LOLHO,train,1
6048-NJXHX,train,0
2320-SLKMB,train,0
4980-URKXC,train,0
4376-KFVRS,test,0
5886-VLQVU,train,0
3577-AMVUX,train,0
0771-WLCLA,train,0
5628-RKIFK,train,0
0206-TBWLC,train,0
2937-FTHUR,train,0
1910-FMXJM,train,0
7752-XUSCI,train,1
4110-PFEUZ,train,1
0732-OCQOC,test,0
5168-MSWXT,train,0
1090-ESELR,test,0
8592-PLTMQ,train,0
5760-WRAHC,train,0
8847-GEOOQ,train,0
0256-LTHVJ,test,1
4785-FCIFB,test,0
8313-NDOIA,train,0
5149-CUZUJ,train,0
0942-KOWSM,train,0
4237-CLSMM,test,0
1452-VOQCH,train,0
4719-UMSIY,train,0
6614-VBEGU,train,0
0880-TKATG,train,1
3811-VBYBZ,train,1
1480-BKXGA,train,0
2996-XAUVF,train,0
9076-AXYIK,train,0
5968-XQIVE,train,0
8896-RAZCR,train,0
4640-UHDOS,test,1
4933-IKULF,train,0
3583-EKAPL,train,1
1304-BCCFO,train,0
4104-PVRPS,train,0
9399-APLBT,train,1
2359-KMGLI,train,1
3780-DDGSE,test,0
4431-EDMIQ,train,0
0306-JAELE,train,1
6227-HWPWX,test,1
0486-LGCCH,train,0
0447-BEMNG,test,1
4612-SSVHJ,train,0
5168-MQQCA,train,0
5949-XIKAE,train,1
7971-HLVXI,test,0
9094-AZPHK,train,0
3649-JPUGY,test,0
4472-LVYGI,train,0
8372-JUXUI,train,1
3552-CTCYF,train,0
6778-YSNIH,train,0
0388-EOPEX,test,1
5756-OZRIO,train,0
6579-JPICP,train,0
8205-OTCHB,train,1
4134-BSXLX,train,0
0505-SPOOW,train,0
6235-VDHOM,train,1
7783-YKGDV,train,1
4374-YMUSQ,train,0
4513-CXYIX,train,0
3957-HHLMR,train,0
7803-XOCCZ,test,0
5736-YEJAX,train,0
5609-CEBID,train,1
8981-FJGLA,train,0
7218-HKQFK,test,1
4636-QRJKY,train,1
1135-LMECX,train,0
4332-MUOEZ,test,0
8535-SFUTN,train,0
5956-VKDTT,train,1
8677-HDZEE,train,0
2475-MROZF,train,0
9412-GHEEC,train,1
3482-ABPKK,train,0
6705-LXORM,test,0
0257-ZESQC,train,1
7531-GQHME,test,0
5174-ITUMV,train,0
4109-CYRBD,train,0
0913-XWSCN,test,0
6825-UYPFK,test,1
8397-MVTAZ,test,1
0750-EBAIU,train,0
8606-CIQUL,train,0
3571-DPYUH,test,0
7601-GNDYK,train,0
0356-OBMAC,train,0
8067-NIOYM,train,0
1403-GYAFU,test,0
4234-XTNEA,train,0
1297-VQDRP,train,0
9282-IZGQK,train,1
5348-CAGXB,train,0
0621-HJWXJ,train,0
5844-QVTAT,train,0
8905-IAZPF,train,0
5394-MEITZ,train,0
6859-QNXIQ,train,0
2782-LFZVW,test,0
2866-IKBTM,train,0
1342-JPNKI,train,1
2817-NTQDO,train,1
7129-AZJDE,train,0
6986-IJDHX,train,1
2560-PPCHE,train,0
4676-MQUEA,train,0
8138-EALND,train,0
3580-HYCSP,train,0
1352-HNSAW,train,0
2075-PUEPR,test,0
1982-FEBTD,train,0
5301-GAUUY,test,1
5791-KAJFD,train,0
2654-VBVPB,train,0
1154-HYWWO,train,0
2501-XWWTZ,test,0
3716-UVSPD,train,0
6815-ABQFQ,test,0
7343-EOBEU,train,0
3701-SFMUH,train,0
6103-LIANB,train,0
7319-VENRZ,train,0
5846-NEQVZ,train,0
6967-QIQRV,train,0
5781-RFZRP,train,0
0939-YAPAF,train,1
0308-IVGOK,train,0
7293-LSCDV,train,0
7025-WCBNE,train,0
5756-JYOJT,train,0
4710-FDUIZ,train,1
6030-REHUX,train,0
9548-LIGTA,train,0
5150-LJNSR,train,0
8270-RKSAP,train,0
6522-YRBXD,train,0
2640-LYMOV,train,0
1218-VKFPE,test,1
3627-FHKBK,test,1
2865-TCHJW,test,1
1423-BMPBQ,train,0
2393-DIVAI,train,0
5192-EBGOV,train,1
4568-KNYWR,train,0
8752-IMQOS,train,0
0742-LAFQK,train,0
0795-LAFGP,train,0
0619-OLYUR,train,0
5512-IDZEI,train,0
0459-SPZHJ,train,0
0215-BQKGS,train,0
9244-ZVAPM,train,0
0719-SYFRB,test,1
8208-EUMTE,train,0
5172-MIGPM,train,0
1710-RCXUS,train,0
0374-FIUCA,train,0
5839-SUYVZ,train,0
5173-ZXXXL,train,0
1096-ADRUX,train,0
2001-MCUUW,test,0
2731-GJRDG,train,0
4723-BEGSG,train,0
6516-NKQBO,train,0
8672-OAUPW,train,0
8207-DMRVL,train,0
3419-SNJJD,train,1
6543-CPZMK,test,1
4765-OXPPD,train,1
2804-ETQDK,train,0
6689-VRRTK,train,0
7138-GIRSH,train,0
9396-ZSFLL,train,0
6464-KEXXH,train,0
7134-MJPDY,test,0
5240-CAOYT,test,0
4059-IIEBK,train,0
4881-JVQOD,train,0
0516-UXRMT,test,0
4851-BQDNX,train,0
5148-HKFIR,train,0
1009-IRMNA,train,1
3003-CMDUU,train,0
5016-IBERQ,test,0
6797-UCJHZ,train,0
2469-DTSGX,train,0
4554-YGZIH,train,1
5099-BAILX,train,1
9931-KGHOA,test,0
1775-KWJKQ,train,0
7665-VIGUD,train,0
9411-TPQQV,train,0
7207-RMRDB,train,1
7954-MLBUN,train,0
2077-DDHJK,train,0
4913-EHYUI,train,1
0195-IESCP,train,1
9574-BOSMD,train,0
4580-TMHJU,train,1
0970-ETWGE,test,1
4908-XAXAY,train,0
8404-VLQFB,train,0
1626-ERCMM,train,1
0887-HJGAR,train,1
2391-IPLOP,train,0
5644-PDMZC,train,1
3509-GWQGF,train,0
9576-ANLXO,test,1
2024-BASKD,train,1
5845-BZZIB,test,0
1140-UKVZG,train,0
4160-AMJTL,test,1
5183-SNMJQ,train,0
8100-PNJMH,train,0
7838-LAZFO,test,0
4464-JCOLN,test,1
2085-JVGAD,train,0
5650-VDUDS,train,1
8095-WANWK,train,0
3030-ZKIWL,train,0
9565-FLVCG,train,0
8755-OGKNA,train,0
2800-VEQXM,train,0
7538-GWHML,train,1
5533-RJFTJ,test,0
3859-CVCET,train,1
0214-JHPFW,train,0
5642-MHDQT,train,0
3088-FVYWK,test,0
3276-HDUEG,train,1
9092-GDZKO,train,0
0823-HSCDJ,test,1
3729-OWRVL,test,0
2324-AALNO,train,0
0822-GAVAP,train,1
5760-IFJOZ,train,0
2826-UWHIS,train,0
1448-PWKYE,test,1
7501-IWUNG,train,0
4957-TREIR,train,0
7251-LJBQN,test,0
8040-MNRTF,train,0
1536-HBSWP,test,0
5313-FPXWG,test,0
0067-DKWBL,train,1
0946-FKYTX,train,0
5076-YVXCM,train,0
8262-COGGB,train,0
6663-JOCQO,train,0
9620-QJREV,train,0
2276-YDAVZ,train,1
2682-KEVRP,train,0
2480-JZOSN,train,0
0078-XZMHT,train,0
5896-NPFWW,train,1
9978-HYCIN,train,0
8338-QIUNR,test,0
1525-LNLOJ,test,0
9450-TRJUU,test,0
1766-GKNMI,train,0
6942-LBFDP,train,0
1456-TWCGB,train,0
7133-VBDCG,train,1
7596-ZYWBB,train,0
8329-UTMVM,train,0
3014-WJKSM,train,0
3347-YJZZE,train,0
1029-QFBEN,train,1
7929-DMBCV,train,0
9661-JALZV,train,0
5433-KYGHE,train,0
4312-KFRXN,test,0
5575-TPIZQ,test,0
0114-IGABW,train,0
9944-AEXBM,test,0
1853-ARAAQ,train,0
6952-OMNWB,train,0
4697-LUPSU,train,0
8434-VGEQQ,train,0
4952-YSOGZ,train,1
1589-AGTLK,train,1
5244-IRFIH,train,1
6549-YMFAW,train,0
4950-HKQTE,train,0
6786-OBWQR,train,0
2684-EIWEO,train,1
2753-JMMCV,train,0
6439-GTPCA,train,1
6621-YOBKI,train,0
1216-JWVUX,train,0
7564-GHCVB,train,0
1173-NOEYG,train,0
7595-EHCDL,train,0
6647-ZEDXT,train,0
2521-NPUZR,train,0
1307-TVUFB,train,0
7503-MIOGA,train,0
4381-MHQDC,train,0
6923-JHPMP,train,0
5138-WVKYJ,train,1
4018-PPNDW,test,0
1635-FJFCC,train,0
2499-AJYUA,train,0
6919-ELBGL,test,0
3966-HRMZA,test,0
6425-JWTDV,train,0
8405-IGQFX,train,0
8224-IVVPA,train,0
9477-LGWQI,train,0
1410-RSCMR,train,0
3115-CZMZD,test,0
0139-IVFJG,train,0
6683-VLCTZ,train,1
5730-DBDSI,train,0
0030-FNXPP,train,0
2189-WWOEW,train,1
5684-FJVYR,train,0
4013-GUXND,test,0
1894-IGFSG,test,1
7379-POKDZ,train,1
1266-NZYUI,train,0
7969-FFOWG,train,0
4718-DHSMV,train,0
5175-WLYXL,train,0
7817-OMJNA,train,0
8728-SKJLR,test,0
3137-NYQQI,train,0
7706-DZNKK,train,0
0236-HFWSV,train,1
3900-AQPHZ,train,1
5842-POCOP,train,1
2037-XJFUP,train,1
8823-RLPWL,train,0
9505-SQFSW,train,0
7314-OXENN,train,1
3758-CKOQL,train,0
0322-CHQRU,test,1
5676-CFLYY,train,0
7521-AFHAB,train,0
0285-INHLN,train,0
4678-DVQEO,test,1
5125-CNDSP,train,0
0691-IFBQW,train,1
4992-LTJNE,train,0
2202-OUTMO,train,0
0810-BDHAW,train,0
0229-LFJAF,train,0
7131-ZQZNK,train,0
3442-ZHHCC,test,0
5726-CVNYA,train,0
9871-ELEYA,train,0
4257-GAESD,train,0
5173-WXOQV,train,0
2040-OBMLJ,test,0
6286-ZHAOK,train,0
3807-XHCJH,train,0
3009-JWMPU,train,1
5671-RQRLP,test,0
1450-GALXR,train,1
8859-AXJZP,train,0
3174-AKMAS,train,0
3138-BKYAV,train,1
9926-PJHDQ,test,0
7382-DFJTU,train,0
2798-NYLMZ,test,0
4289-DTDKW,train,1
1820-TQVEV,test,1
2239-JALAW,train,1
4853-RULSV,train,1
8098-TDCBU,train,0
3551-GAEGL,train,0
4785-NKHCX,train,0
3196-NVXLZ,train,0
6275-YDUVO,train,1
0036-IHMOT,train,0
0115-TFERT,train,1
4178-EGMON,train,0
4220-TINQT,train,0
5318-YKDPV,test,0
7975-TZMLR,train,0
0295-QVKPB,train,0
4335-BSMJS,train,0
2311-QYMUQ,train,1
3643-AHCFP,train,1
9146-JRIOX,train,0
3104-OWCGK,train,1
5337-IIWKZ,train,0
9101-BWFSS,train,1
9650-VBUOG,train,0
3487-EARAT,test,0
2672-TGEFF,train,0
9231-ZJYAM,train,1
4250-WAROZ,train,0
8184-WMOFI,train,0
6982-SSHFK,train,1
6092-QZVPP,train,0
4625-LAMOB,train,0
0727-BMPLR,train,1
0392-BZIUW,train,0
1038-ZAGBI,train,1
6549-NNDYT,train,0
3027-ZTDHO,train,1
0422-OHQHQ,train,0
6916-HIJSE,train,0
2316-ESMLS,train,0
9778-OGKQZ,train,0
7408-OFWXJ,test,0
6007-TCTST,train,0
2252-NKNSI,train,0
8713-IGZSO,test,0
7905-TVXTA,train,0
7695-PKLCZ,train,0
2382-BCKQJ,train,1
8374-UULRV,train,0
2207-NHRJK,train,1
3224-DFQNQ,train,0
5275-PMFUT,train,0
4795-UXVCJ,train,0
9777-IQHWP,test,0
0947-MUGVO,train,1
9944-HKVVB,train,1
4124-MMETB,train,1
3671-SHRSP,train,1
0979-MOZQI,test,0
2732-ISEZX,train,0
3313-QKNKB,test,1
0323-XWWTN,train,0
1937-OTUKY,train,0
1573-LGXBA,train,0
1764-VUUMT,train,0
5073-WXOYN,train,1
4713-ZBURT,train,0
3050-GBUSH,train,0
0207-MDKNV,train,1
7876-AEHIG,train,0
7945-HLKEA,train,0
9342-VNIMQ,train,0
9851-KIELU,test,1
3523-BRGUW,train,0
3908-BLSYF,test,1
3199-NPKCN,train,0
5170-PTRKA,test,0
4661-NJEUX,train,0
2123-AGEEN,train,0
1258-YMZNM,train,0
0048-LUMLS,test,0
7549-MYGPK,train,1
5898-IGSLP,train,0
3804-RVTGV,train,1
6259-WJQLC,train,0
9227-LUNBG,test,1
7997-EASSD,test,0
0730-KOAVE,test,0
8975-SKGRX,train,0
0678-RLHVP,train,0
4315-MURBD,train,1
2267-FPIMA,train,0
1051-GEJLJ,test,0
9734-YWGEX,train,1
2719-BDAQO,train,1
5285-MVEHD,train,0
0379-DJQHR,test,0
0781-LKXBR,train,1
5543-QDCRY,train,0
0297-RBCSG,test,0
4694-PHWFW,train,0
0835-JKADZ,train,0
1907-UBQFC,train,1
7508-SMHXL,train,0
3865-YIOTT,train,0
5993-BQHEA,train,0
6024-RUGGH,train,0
6513-EECDB,train,1
3956-CJUST,train,0
4079-WWQQQ,train,0
6103-BOCOU,train,0
5149-TGWDZ,train,0
7471-WNSUF,train,0
8942-DBMHZ,train,0
4301-VVZKA,test,0
9199-PWQVC,train,0
4824-GUCBY,train,0
5393-HJZSM,train,0
7074-IEVOJ,train,1
9625-QSTYE,train,1
0862-PRCBS,train,0
8812-ZRHFP,train,0
5146-CBVOE,train,0
0454-OKRCT,train,0
5787-KXGIY,train,0
4750-ZRXIU,test,1
4198-VFOEA,train,0
6630-UJZMY,test,0
5709-LVOEQ,test,0
6400-BWQKW,train,1
2692-AQCPF,train,0
0347-UBKUZ,train,0
0835-DUUIQ,train,0
0811-GSDTP,train,0
7567-ECMCM,train,0
6115-ZTBFQ,train,0
6353-BRMMA,train,0
6680-WKXRZ,test,1
6231-WFGFH,train,0
9904-EHEVJ,train,0
7028-DVOIQ,train,1
6169-PPETC,test,0
4208-UFFGW,test,1
8584-KMVXD,train,0
8467-WYNSR,train,0
0851-DFJKB,train,0
5382-SOYZL,test,0
9448-REEVD,train,1
3261-CQXOL,train,0
8388-FYNPZ,train,0
4002-BQWPQ,test,0
5651-YLPRD,test,0
2826-DXLQO,train,0
4378-BZYFP,train,0
9489-UTFKA,train,0
4849-PYRLQ,train,0
9117-SHLZX,train,1
9889-TMAHG,train,1
4541-RMRLG,test,1
7764-BDPEE,test,0
3429-IFLEM,test,0
3158-MOERK,train,1
7294-TMAOP,train,1
5002-GCQFH,train,0
0556-FJEGU,train,0
8919-FYFQZ,train,1
0604-THJFP,train,0
2834-JRTUA,train,1
5875-YPQFJ,train,1
5879-SESNB,train,0
6646-QVXLR,test,1
6461-PPAXN,test,0
3318-ISQFQ,train,0
1106-HRLKZ,train,0
2483-XSSMZ,train,0
8603-IJWDN,train,1
8165-ZJRNM,test,0
9369-XFEHK,test,1
2604-XVDAM,train,0
3717-OFRTN,train,0
9046-JBFWA,train,0
3280-NMUVX,train,0
1206-EHBDD,train,0
8361-LBRDI,train,0
4883-KCPZJ,train,0
9108-EQPNQ,test,0
7277-KAMWT,train,0
3842-IYKUE,train,1
6641-XRPSU,train,1
1374-DMZUI,train,1
2545-LXYVJ,train,0
3234-VKACU,train,0
8357-EQXFO,train,1
1989-PRJHP,test,1
8120-JDCAM,train,0
8917-FAEMR,train,0
7047-YXDMZ,train,0
2858-EIMXH,train,0
9524-EGPJC,train,1
6993-OHLXR,train,1
8818-XYFCQ,train,1
6419-ZTTLE,train,0
0929-HYQEW,train,0
6614-YOLAC,train,0
7426-RHZGU,train,0
4065-JJAVA,train,0
4695-VADHF,test,1
3863-IUBJR,train,1
7649-SIJJF,test,0
9361-YNQWJ,train,0
3748-FVMZZ,train,0
9391-TTOYH,train,0
1452-XRSJV,train,0
3422-WJOYD,train,0
8242-SOQUO,train,0
7460-ITWWP,test,0
7147-AYBAA,train,0
7868-TMWMZ,train,0
4822-RVYBB,train,1
6732-FZUGP,train,0
8436-BJUMM,train,1
4184-TJFAN,train,1
8329-GWVPJ,train,0
1352-VHKAJ,train,0
4145-UQXUQ,train,1
2632-TACXW,test,0
8146-QQKZH,train,0
1767-CJKBA,test,0
6445-TNRXS,test,0
4581-LNWUM,test,0
4869-EPIUS,train,0
9948-YPTDG,train,1
1236-WFCDV,test,1
1915-OAKWD,train,0
7296-PIXQY,train,0
4883-QICIH,train,1
3354-OADJP,test,0
3524-WQDSG,test,0
0810-DHDBD,train,0
4026-SKKHW,train,0
2829-HYVZP,train,0
8329-IBCTI,train,1
1271-SJBGZ,train,1
3845-JHAMY,train,0
7013-PSXHK,train,0
5669-SRAIP,train,1
5981-ITEMU,train,1
3486-NPGST,train,0
6941-PMGEP,train,1
1624-WOIWJ,train,1
2074-GKOWZ,train,1
0376-YMCJC,test,1
6100-FJZDG,train,0
4829-ZLJTK,train,0
1730-VFMWO,test,0
7143-BQIBA,train,0
3800-LYTRK,train,0
0634-SZPQA,train,1
9646-NMHXE,train,0
7030-NJVDP,train,0
5536-RTPWK,train,1
8883-GRDWQ,train,0
6166-ILMNY,test,1
3097-NNSPB,train,1
7771-ZONAT,train,0
0655-RBDUG,test,1
2111-DWYHN,train,0
4194-WHFCB,train,0
4121-AGSIN,test,0
4361-BKAXE,train,1
9845-PEEKO,train,0
0455-XFASS,train,0
0301-KOBTQ,train,0
1751-NCDLI,test,0
4367-NUYAO,train,0
9878-TNQGW,test,1
9170-ARBTB,train,0
4441-NIHPT,train,1
8999-BOHSE,train,1
7241-AJHFS,train,0
7029-RPUAV,test,1
4546-FOKWR,train,0
9036-CSKBW,train,0
5832-TRLPB,train,0
8590-YFFQO,test,0
8659-IOOPU,train,0
1338-CECEE,train,0
7439-DKZTW,train,0
4646-QZXTF,train,0
4607-CHPCA,train,1
9742-XOKTS,train,0
6921-OZMFH,train,0
9578-FOMUK,train,0
4712-UYOOI,train,0
8824-RWFXJ,train,1
7722-CVFXN,train,0
8717-VCTXJ,test,0
7363-QTBIW,test,0
4159-NAAIX,train,0
0971-QIFJK,train,0
9397-TZSHA,train,0
3391-JSQEW,train,0
0343-QLUZP,train,0
9763-PDTKK,train,1
2176-LVPNX,train,0
7627-JKIAZ,train,1
3312-UUMZW,test,0
1271-UODNO,test,0
8461-EFQYM,train,0
6900-RBKER,test,0
6891-JPYFF,train,0
1459-QNFQT,test,0
1047-NNCBF,train,0
3696-XRIEN,train,0
4081-DYXAV,train,1
0074-HDKDG,test,0
8791-GFXLZ,train,0
8111-SLLHI,train,1
0927-LCSMG,train,1
9330-DHBFL,test,0
0098-BOWSO,train,0
3452-ABWRL,train,0
5859-HZYLF,train,0
8257-RZAHR,train,1
5293-WXJAK,train,1
3156-QLHBO,train,0
2208-NQBCT,train,0
1779-PWPMG,train,0
6621-NRZAK,train,0
0831-JNISG,train,0
0774-IFUVM,train,0
3082-WQRVY,train,0
9553-DLCLU,train,0
1641-BYBTK,train,0
2460-NGXBJ,train,0
2446-ZKVAF,test,0
0841-NULXI,test,1
3522-CDKHF,train,0
1430-SFQSA,train,0
0411-EZJZE,train,0
7851-WZEKY,train,1
8844-TONUD,train,1
8807-ARQET,train,0
8992-CEUEN,test,0
4320-QMLLA,train,0
8777-PVYGU,test,0
8292-ITGYJ,test,0
6870-ZWMNX,train,0
0621-CXBKL,train,0
5268-DSMNQ,train,0
5334-JLAXU,train,0
4086-YQSNZ,train,1
6242-MBHPK,train,0
5868-CZJDR,train,1
9359-UGBTK,test,0
0135-NMXAP,train,1
4782-OSFXZ,train,0
6479-OAUSD,train,0
7129-ACFOG,test,0
4189-NAKJS,train,0
5562-BETPV,train,0
1282-IHQAC,train,0
9127-FHJBZ,train,0
6270-OMFIW,test,1
1641-RQDAY,train,0
0107-WESLM,train,1
6994-ORCWG,train,0
1346-UFHAX,test,0
3992-YWPKO,train,1
2933-XEUJM,train,0
0125-LZQXK,train,1
5461-QKNTN,test,0
4835-YSJMR,train,0
8399-YNDCH,train,1
3164-YAXFY,train,0
0887-WBJVH,train,0
4660-IRIBM,test,0
5673-FSSMF,train,1
7670-ZBPOQ,train,0
8089-UZWLX,test,0
0080-OROZO,train,0
3916-NRPAP,train,0
6807-SIWJI,train,0
8221-HVAYI,train,0
1579-KLYDT,train,1
5232-NXPAY,train,0
8967-SZQAS,train,0
4468-KAZHE,train,0
0455-ENTCR,train,0
8944-AILEF,train,0
5542-NKVRU,train,0
7126-RBHSD,train,0
5370-IIVVL,train,0
6789-HJBWG,train,0
3927-NLNRY,train,1
9087-EYCPR,train,0
6791-YBNAK,train,0
6358-LYNGM,train,1
6077-BDPXA,test,0
0013-MHZWF,test,0
5494-HECPR,train,1
8268-YDIXR,train,0
9824-BEMCV,train,1
1373-ORVIZ,train,1
4291-SHSBH,train,0
6980-IMXXE,train,0
9866-QEVEE,test,1
9897-KXHCM,train,1
0040-HALCW,test,0
0784-GTUUK,train,0
7979-CORPM,train,1
2294-DMMUS,test,0
0872-JCPIB,train,0
3055-MJDSB,train,0
9091-WTUUY,train,0
1618-CFHME,train,1
3165-HDOEW,train,1
6581-NQCBA,train,1
7115-IRDHS,train,0
8496-DMZUK,train,0
2040-VZIKE,train,0
9068-VPWQQ,train,0
0178-SZBHO,train,0
0384-RVBPI,train,0
1689-MRZQR,train,1
1299-AURJA,train,0
4525-VZCZG,train,0
1543-LLLFT,train,0
5835-BEQEU,train,1
2788-CJQAQ,test,0
5565-FILXA,train,1
0319-QZTCO,train,0
2120-SMPEX,train,0
0096-FCPUF,train,0
0668-OGMHD,test,0
5552-ZNFSJ,train,1
2223-KAGMX,train,1
6507-ZJSUR,test,0
9408-HRXRK,train,0
5593-SUAOO,train,0
7321-PKUYW,train,1
2833-SLKDQ,train,1
6766-HFKLA,test,0
7595-EUIVN,train,1
7617-EYGLW,train,0
2026-TGDHM,train,1
9220-ZNKJI,test,0
4030-VPZBD,train,1
2226-ICFDO,train,0
0723-VSOBE,train,0
5529-GIBVH,train,0
4187-CINZD,train,1
9992-UJOEL,test,0
4741-WWJQZ,train,0
6625-UTXEW,train,0
6818-WOBHJ,train,1
6244-BESBM,train,0
1004-NOZNR,train,0
1251-STYSZ,train,0
2612-PHGOX,train,0
2408-TZMJL,train,1
8480-PPONV,train,0
8780-IHCRN,train,0
4598-ZADCK,train,0
1257-SXUXQ,train,0
9681-KYGYB,train,0
7182-OVLBJ,train,0
5095-ETBRJ,train,0
7005-CYUIL,train,0
4821-WQOYN,test,0
4730-AWNAU,train,0
3452-FLHYD,train,0
2388-LAESQ,test,0
9531-NSBMR,train,0
6260-ONULR,train,0
4389-UEFCZ,train,0
8711-LOBKY,test,0
9134-CEQMF,train,1
8985-OOPOS,test,0
8800-ZKRFW,train,0
2616-FLVQC,test,0
9968-FFVVH,test,0
3108-PCCGG,train,0
7993-PYKOF,train,1
8390-FESFV,test,0
3022-BEXHZ,train,0
5027-XWQHA,train,1
6248-TKCQV,train,0
6729-GDNGC,test,0
6198-ZFIOJ,train,0
5989-OMNJE,train,0
4566-QVRRW,train,1
1291-CUOCY,train,0
9795-SHUHB,train,0
3230-IUALN,train,0
0042-RLHYP,train,0
8519-IMDHU,train,1
4945-RVMTE,test,0
0201-OAMXR,train,1
1866-NXPSP,train,0
3372-KWFBM,train,1
7831-QGOXH,train,1
6393-WRYZE,train,1
3941-XTSKM,train,0
1661-CZBAU,train,0
6599-RCLCJ,train,1
9831-BPFRI,train,1
5158-RIVOP,train,0
9788-YTFGE,test,0
9277-JOOMO,train,0
1907-YLNYW,train,0
1725-MIMXW,train,1
8947-YRTDV,train,0
3161-ONRWK,test,0
0114-RSRRW,train,0
4565-NLZBV,train,0
0031-PVLZI,train,1
7206-GZCDC,train,1
6682-VCIXC,train,0
4791-QRGMF,train,1
6475-VHUIZ,train,0
3910-MRQOY,test,0
0661-WCQNQ,train,0
7537-RBWEA,train,0
4656-CAURT,train,0
0121-SNYRK,test,0
1768-ZAIFU,test,1
4671-LXRDQ,train,1
3733-LSYCE,train,0
6265-FRMTQ,train,0
1934-SJVJK,train,1
3838-OZURD,train,1
1371-DWPAZ,train,0
9269-CQOOL,train,1
2017-CCBLH,train,0
7690-KPNCU,test,0
0536-BGFMZ,train,0
2293-IJWPS,test,0
2845-HSJCY,test,1
5469-NUJUR,test,0
1184-PJVDB,train,1
2625-TRCZQ,train,0
4102-HLENU,train,0
7266-GSSJX,test,0
7722-VJRQD,train,0
7073-QETQY,train,0
9415-DPEWS,train,1
5624-RYAMH,train,0
0196-JTUQI,train,0
7130-YXBRO,train,0
9272-LSVYH,train,0
7943-RQCHR,train,1
3793-MMFUH,train,1
3249-ZPQRG,train,1
2568-BRGYX,train,1
3084-DOWLE,train,0
1084-MNSMJ,train,0
7721-JXEAW,train,1
7249-WBIYX,test,1
4238-HFHSN,train,0
6250-CGGUN,train,0
5478-JJVZK,train,0
7596-IIWYC,train,0
6567-HOOPW,train,1
9793-WECQC,train,0
4291-HPAXL,train,0
8999-YPYBV,train,0
1839-FBNFR,train,0
3164-AALRN,train,1
3071-MVJCD,test,0
1697-BCSHV,train,0
0562-KBDVM,train,0
1131-SUEKT,test,0
3717-OEAUQ,test,0
4538-WNTMJ,train,0
3334-CTHOL,test,1
4704-ERYFC,train,1
9432-RUVSL,train,0
8060-HIWJJ,train,0
7684-XSZIY,train,0
9089-UOWJG,test,0
8621-MNIHH,test,1
8039-ACLPL,train,0
9885-AIBVB,train,0
1934-MKPXS,train,0
2592-YKDIF,train,0
2272-JKMSI,train,0
0471-LVHGK,train,1
9518-RWHZL,train,1
8714-CTZJW,train,0
3569-EDBPQ,test,0
3131-NWVFJ,train,0
7521-YXVZY,train,0
5419-CONWX,test,1
6240-EURKS,train,1
2373-NTKOD,train,0
1970-KKFWL,train,0
6960-HVYXR,train,1
9337-SRRNI,train,0
0895-UADGO,train,0
5678-VFNEQ,train,0
5977-CKHON,train,0
7024-OHCCK,train,1
2692-BUCFV,train,0
7861-UVUFT,test,1
1830-GGFNM,train,0
5302-BDJNT,train,0
5223-UZAVK,train,0
4859-ZSRDZ,train,0
5651-WYIPH,train,0
9350-VLHMB,train,0
3498-LZGQZ,train,0
8785-CJSHH,test,0
5357-TZHPP,test,1
3870-SPZSI,train,0
0680-DFNNY,train,1
7560-QRBXH,train,0
7077-XJMET,train,0
8752-GHJFU,train,0
6896-SRVYQ,train,0
7767-UXAGJ,train,1
4652-ODEVH,train,0
6510-UPNKS,train,0
6718-BDGHG,train,0
9046-DQMTP,train,0
6439-LAJXL,train,0
1571-SAVHK,train,1
9052-VKDUW,train,0
9546-CQJSU,train,1
1666-JZPZT,train,0
5777-KJIRB,train,0
0506-LVNGN,test,1
7677-SJJJK,test,0
2480-EJWYP,test,0
3253-HKOKL,train,0
7055-HNEOJ,test,0
5514-YQENT,test,0
3211-AAPKX,train,0
8445-DNBAE,test,0
2951-QOQTK,train,1
2958-NHPPS,test,0
6806-YDEUL,train,0
1735-XMJVH,train,0
6890-PFRQX,test,0
0222-CNVPT,train,0
5899-OUVKV,train,0
8681-ICONS,train,0
1621-YNCJH,train,0
3473-XIIIT,train,1
6362-QHAFM,train,0
7893-IXHRQ,test,1
3070-BDOQC,train,0
2952-QAYZF,train,1
6234-PFPXL,test,0
9824-QCJPK,test,0
4763-PGDPO,train,1
4283-IVYCI,train,0
1866-OBPNR,train,0
8205-MQUGY,train,0
8970-ANWXO,test,0
9480-BQJEI,test,0
5394-SVGJV,train,1
6979-TNDEU,train,0
9777-WJJPR,train,0
9283-LZQOH,test,1
7079-QRCBC,train,1
9495-SKLKD,train,0
6048-UWKAL,train,0
5067-DGXLL,train,0
5469-CTCWN,test,1
9851-QXEEQ,train,1
6281-FKEWS,train,0
8898-KASCD,train,0
9242-TKFSV,train,0
9290-SHCMB,train,0
0743-HNPFG,train,0
2277-BKJKN,train,0
9809-IMGCQ,train,1
5208-HFSBT,train,1
5035-PGZXH,train,0
8695-WDYEA,train,0
6543-JXSOO,train,0
8016-ZMGMO,train,0
8605-ITULD,train,0
3254-YRILK,train,1
6416-YJTTB,train,0
2667-WYLWJ,train,1
4472-VESGY,train,0
3195-TQDZX,train,0
3128-YOVTD,train,0
0529-ONKER,train,1
1728-CXQBE,train,0
7041-TXQJH,train,0
5014-GSOUQ,train,0
5724-BIDBU,train,0
0481-SUMCB,train,0
1769-GRUIK,train,0
5240-IJOQT,train,1
8819-WFGGJ,train,0
7427-AUFPY,train,0
2811-POVEX,train,0
1092-GANHU,test,1
7898-PDWQE,train,0
9972-EWRJS,train,0
9314-IJWSQ,train,0
0661-XEYAN,train,1
5799-JRCZO,train,0
1921-KYSAY,train,0
6198-RTPMF,train,0
2924-KHUVI,test,0
1925-GMVBW,train,0
7881-EVUAD,test,1
6184-DYUOB,test,0
9207-ZPANB,train,0
5766-XQXMQ,train,1
9327-QSDED,test,0
1656-DRSMG,train,0
3012-VFFMN,train,0
2984-AFWNC,train,0
0640-YJTPY,train,0
8096-LOIST,train,0
9764-REAFF,train,0
3703-VAVCL,train,1
7107-UBYKY,train,0
4881-GQJTW,train,0
8519-QJGJD,train,1
7876-DNYAP,train,0
7905-NJMXS,train,0
2882-WDTBA,train,0
2091-GPPIQ,train,0
6326-MTTXK,train,1
5071-FBJFS,train,0
2796-UUZZO,train,0
2429-AYKKO,train,0
9798-OPFEM,train,0
0330-IVZHA,test,1
3794-NFNCH,test,0
5193-QLVZB,train,0
7114-AEOZE,test,0
2886-KEFUM,train,1
5522-NYKPB,train,0
4237-RLAQD,test,1
9957-YODKZ,train,0
6518-KZXCB,train,0
2245-ADZFJ,test,0
7776-QGYJC,train,0
9313-QOLTZ,test,0
9651-GTSAQ,train,1
3186-BAXNB,train,1
4672-FOTSD,test,0
0637-YLETY,train,1
9818-XQCUV,train,0
7338-ERIVA,test,0
1157-BQCUW,train,1
8259-NFJTV,train,0
3223-DWFIO,train,0
2660-EMUBI,train,1
6968-GMKPR,train,0
4751-ERMAN,test,0
1436-ZMJAN,test,0
3292-PBZEJ,test,0
0799-DDIHE,train,0
3070-FNFZQ,train,0
2812-SFXMJ,train,0
7675-OZCZG,train,1
5014-WUQMG,test,0
5312-TSZVC,train,0
2003-CKLOR,train,1
0993-OSGPT,train,0
9254-RBFON,test,1
1205-WNWPJ,test,1
9391-EOYLI,train,1
7108-DGVUU,train,0
2782-JEEBU,train,0
5127-BZENZ,train,0
2720-FVBQP,test,0
9906-NHHVC,test,0
4522-XRWWI,train,0
3766-EJLFL,test,0
5939-SXWHM,train,0
8152-UOBNY,train,0
7351-KYHQH,train,0
7643-RCHXS,train,0
8246-SHFGA,train,0
8387-MOJJT,train,1
0620-XEFWH,train,0
6485-QXWWE,train,0
2761-OCIAX,test,1
7321-VGNKU,train,0
5327-CNLUQ,train,0
7552-KEYGT,train,0
5816-JMLGY,train,0
3068-OMWZA,train,1
2927-QRRQV,train,0
6032-KRXXO,train,1
7459-RRWQZ,train,1
6265-SXWBU,train,0
7941-RCJOW,train,0
6374-NTQLP,test,0
4154-AQUGT,test,1
2387-KDZQY,train,0
3584-WKTTW,train,0
3399-BMLVW,train,0
1971-DTCZB,train,0
3092-IGHWF,train,1
3374-PZLXD,train,0
3813-DHBBB,train,0
2812-REYAT,test,0
6518-PPLMZ,train,0
4939-KYYPY,train,0
8017-LXHFA,train,1
5930-GBIWP,train,0
6022-KOUQO,train,0
6352-TWCAU,train,1
2361-UPSND,train,0
6035-RIIOM,train,0
2929-QNSRW,train,1
1262-OPMFY,train,1
9504-DSHWM,train,0
5035-BVCXS,train,0
6267-DCFFZ,train,0
3533-UVMOM,train,0
2439-LYPMQ,test,0
4248-QPAVC,test,1
1899-VXWXM,train,1
1478-VPOAD,train,0
9995-HOTOH,train,0
2988-PLAHS,test,0
1371-OJCEK,train,0
4999-IEZLT,train,0
8883-ANODQ,train,0
4690-LLKUA,test,1
2351-RRBUE,train,0
5980-BDHPY,train,0
1498-DQNRX,train,0
9469-WEJBT,train,0
3331-HQDTW,test,1
9490-DFPMD,train,1
2581-VKIRT,train,0
5442-XSDCW,train,1
7426-WEIJX,test,0
2851-MMUTZ,train,0
3049-NDXFL,train,1
8580-AECUZ,train,1
3307-TLCUD,train,0
6625-FLENO,test,0
2967-MXRAV,test,0
7963-GQRMY,train,1
8189-HBVRW,train,0
4163-KIUHY,train,0
1228-FZFRV,train,1
3500-NSDOA,train,0
1171-TYKUR,train,0
3761-FLYZI,train,0
2058-DCJBE,train,1
5364-XYIRR,train,1
4829-AUOAX,test,1
1219-NNDDO,train,0
8388-DMKAE,train,0
4403-BWPAY,train,0
9659-QEQSY,train,0
5405-ZMYXQ,train,0
5047-LHVLY,train,1
1442-OKRJE,train,0
4737-AQCPU,train,0
9158-VCTQB,train,1
2808-CHTDM,train,0
6311-UEUME,train,1
0793-TWELN,train,0
3283-WCWXT,train,0
1060-ENTOF,train,0
0999-QXNSA,train,0
5451-MHQOF,train,0
4836-WNFNO,train,0
9225-BZLNZ,train,0
0354-VXMJC,train,0
4422-QVIJA,train,0
9365-SRSZE,train,0
6839-ITVZJ,train,1
8332-OSJDW,train,0
4735-BJKOU,test,0
0274-JKUJR,train,0
5740-YHGTW,train,0
8917-SZTTJ,train,0
1696-MZVAU,train,0
7359-WWYJV,test,0
0375-HVGXO,train,1
4906-ZHGPK,train,0
8593-WHYHV,test,1
3795-GWTRD,test,0
1298-PHBTI,train,0
6223-DHJGV,test,0
6961-MJKBO,train,0
6097-EQISJ,train,1
4423-YLHDV,train,1
8158-WPEZG,test,0
0107-YHINA,train,1
4918-FYJNT,train,0
0727-BNRLG,test,0
4854-CIDCF,train,0
8640-SDGKB,train,1
3280-MRDOF,train,0
6435-SRWBJ,train,0
9964-WBQDJ,train,0
6303-KFWSL,train,0
1702-CCFNJ,train,0
8932-CZHRQ,train,0
0386-CWRGM,train,0
5515-RUGKN,train,0
0404-AHASP,train,0
7279-NMVJC,test,0
2081-VEYEH,train,0
6407-UTSLV,train,0
4116-TZAQJ,train,1
9060-HJJRW,train,0
2587-YNLES,train,0
7398-SKNQZ,train,0
5935-FCCNB,train,0
1958-RNRKS,train,0
5136-RGMZO,test,0
8345-MVDYC,test,0
8226-BXGES,train,0
3877-JRJIP,test,1
8375-DKEBR,test,1
9705-IOVQQ,train,0
1015-OWJKI,test,0
7511-YMXVQ,train,1
2040-XBAVJ,train,0
7551-JOHTI,train,1
8887-IPQNC,train,0
8646-JCOMS,test,0
9804-ICWBG,test,1
1222-KJNZD,train,0
0106-GHRQR,train,0
5318-IXUZF,train,1
3768-VHXQO,train,0
8952-WCVCD,train,0
2418-TPEUN,train,0
3963-RYFNS,train,0
3198-VELRD,train,1
8540-ZQGEA,train,0
1320-REHCS,train,0
4137-JOPHL,test,0
9436-ZBZCT,train,1
7801-CEDNV,train,0
2057-BOYKM,train,0
3658-QQJYD,train,0
1803-BGNBD,train,0
0134-XWXCE,test,0
6950-TWMYB,train,0
5848-FHRFC,train,0
2243-FNMMI,train,0
2511-MORQY,test,0
5356-KZCKT,train,0
9470-XCCEM,train,0
6519-CFDBX,train,0
3902-MIVLE,train,0
0409-WTMPL,train,0
8763-KIAFH,test,0
3669-WHAFY,train,0
3055-VTCGS,test,0
3144-KMTWZ,train,0
7279-BUYWN,test,1
7156-MHUGY,train,1
7198-GLXTC,test,1
2007-QVGAW,train,0
5207-PLSTK,test,0
2307-FYNNL,test,0
5605-XNWEN,train,0
2155-AMQRX,test,0
6181-AXXYF,train,0
5091-HFAZW,train,0
0516-VRYBW,train,1
2519-LBNQL,train,0
8623-ULFNQ,test,0
8380-PEFPE,test,1
5687-DKDTV,train,1
1568-LJSZU,train,0
7530-HDYDS,train,1
7789-HKSBS,train,0
7416-CKTEP,train,0
2586-CWXVV,train,0
3096-IZETN,train,1
2348-KCJLT,train,0
8401-EMUWF,test,0
4193-IBKSW,train,0
5377-NDTOU,train,0
5922-ABDVO,train,1
2474-LCNUE,train,0
0839-QNXME,train,0
3506-OVLKD,test,0
9172-ANCRX,train,1
6650-VJONK,train,0
2178-PMGCJ,test,0
7492-TAFJD,test,0
2773-MADBQ,train,0
6016-LVTJQ,train,0
7860-KSUGX,train,0
8966-KZXXA,train,0
6910-HADCM,test,1
4816-LXZYW,train,1
9606-PBKBQ,train,1
5149-QYTTU,train,0
2070-XYMFH,train,0
2085-BOJKI,train,0
0817-HSUSE,train,0
5442-PPTJY,train,0
1927-QEWMY,test,0
1663-MHLHE,train,0
5663-QBGIS,train,0
4450-MDZFX,train,0
6701-DHKWQ,train,0
7554-AKDQF,train,0
3536-IQCTX,train,1
4911-BANWH,train,1
8496-EJAUI,train,1
0794-YVSGE,test,0
5423-BHIXO,train,0
6908-VVYHM,train,0
2959-EEXWB,train,0
1839-UMACK,train,0
3030-YDNRM,test,0
7321-KKSDU,train,0
3402-XRIUO,train,0
3132-TVFDZ,train,1
8286-AFUYI,train,0
8080-DDEMJ,test,1
8356-WUAOJ,train,0
6365-MTGZX,train,1
1349-WXNGG,train,1
8058-DMYRU,test,0
9350-ZXYJC,train,0
6990-YNRIO,train,1
8958-JPTRR,train,0
6959-GQEGV,train,0
3173-WSSUE,train,0
1265-HVPZB,test,0
4115-UMJFQ,train,0
7369-TRPFD,test,0
1098-KFQEC,train,0
7190-XHTWJ,train,0
0621-TWIEM,train,1
3537-RYBHH,train,0
2485-ITVKB,test,1
3669-OYSJI,train,1
1612-EOHDH,train,1
6702-OHFWR,train,1
5296-BFCYD,test,0
4510-PYUSH,train,1
9359-JANWS,train,0
7517-SAWMO,train,1
4143-HHPMK,train,1
3279-DYZQM,train,0
7054-LGEQW,test,1
0523-VNGTF,train,0
9575-IWCAZ,train,0
7105-MXJLL,train,0
7064-FRRSW,train,0
7940-UQQUG,train,0
0923-PNFUB,test,1
3961-SXAXY,train,0
7010-BRBUU,train,0
3566-HJGPK,train,0
3062-ICYZQ,train,0
9938-PRCVK,train,0
0973-KYVNF,train,0
5129-HHMZC,train,0
9637-CDTKZ,test,0
3946-JEWRQ,train,0
7873-CVMAW,train,0
0463-WZZKO,test,0
3494-JCHRQ,train,1
6474-FVJLC,train,1
4524-QCSSM,test,0
5832-EXGTT,train,0
8840-DQLGN,test,1
2039-JONDJ,train,0
7217-JYHOQ,train,0
6695-FRVEC,train,0
4547-LYTDD,test,1
9894-QMIMJ,train,0
8069-YQQAJ,train,0
6770-XUAGN,test,1
4193-ORFCL,train,1
1636-NTNCO,train,0
3466-WAESX,test,0
9281-PKKZE,train,0
3638-VBZTA,train,0
7459-IMVYU,train,0
7776-QWNFX,train,1
6689-TCZHQ,train,1
8563-OYMQY,train,0
0754-EEBDC,train,0
5777-ZPQNC,train,0
1951-IEYXM,train,0
3318-NMQXL,train,0
3143-ILDAL,train,1
1022-RKXDR,train,0
2361-FJWNO,train,0
2272-UOINI,train,0
8232-UTFOZ,train,0
3750-YHRYO,test,0
6637-KYRCV,train,0
5668-MEISB,train,0
0129-QMPDR,train,0
7188-CBBBA,train,0
5356-CSVSQ,train,0
3221-CJMSG,train,0
4720-VSTSI,train,1
3219-JQRSL,train,0
2801-NISEI,train,0
3946-MHCZW,train,1
4623-ZKHLY,train,0
6732-VAILE,train,0
8201-AAXCB,train,0
7696-CFTAT,train,0
1845-CSBRZ,train,0
2123-VSCOT,train,0
6651-AZVTJ,test,1
4566-GOLUK,train,1
2484-DGXPZ,train,1
2018-QKYGT,train,0
2792-VPPET,train,0
7409-JURKQ,train,0
3247-MHJKM,train,0
1964-SVLEA,train,0
4587-NUKOX,train,1
7297-DVYGA,train,0
2239-CGBUZ,train,0
0854-UYHZD,train,0
7243-LCGGZ,train,0
8267-KFGYD,train,0
4890-VMUAV,train,0
9261-WDCAF,train,0
3764-MNMOI,train,0
7442-YGZFK,train,0
0420-BWTPW,train,1
8229-BUJHX,train,0
7449-HVPIV,train,0
5504-WSIUR,train,0
8183-ONMXC,train,1
8466-PZBLH,train,0
9614-RMGHA,train,1
8735-IJJEG,train,0
0564-MUUQK,train,0
5054-IEXZT,train,1
5834-ASPWA,train,1
0701-RFGFI,train,0
0019-EFAEP,test,0
5619-PTMIK,train,0
3737-XBQDD,train,0
5882-CMAZQ,train,0
5846-QFDFI,train,0
4445-KWOKW,train,0
3511-APPBJ,train,0
7967-HYCDE,train,0
2430-RRYUW,train,0
3948-XHGNA,train,1
3723-BFBGR,train,0
0565-IYCGT,train,1
5447-WZAFP,train,0
5110-CHOPY,train,0
5445-UTODQ,train,1
4425-OWHWB,train,0
7892-QVYKW,train,0
9675-ICXCT,train,0
1024-VRZHF,train,1
4703-MQYKT,test,0
9497-QCMMS,train,1
5692-ICXLW,train,0
0602-DDUML,train,0
2208-MPXIO,train,0
1960-UYCNN,train,0
0348-SDKOL,train,1
3190-FZATL,train,0
7336-RLLRH,train,0
4373-MAVJG,train,1
8901-HJXTF,train,1
7710-JSYOA,train,0
5419-KLXBN,test,1
3424-NMNBO,train,1
9885-MFVSU,train,0
4514-GFCFI,train,1
0607-MVMGC,train,0
3365-SAIGS,test,0
9828-AOQLM,train,1
8022-BECSI,train,0
8000-REIQB,train,1
9993-LHIEB,train,0
0266-CLZKZ,train,0
7615-ESMYF,train,1
3858-VOBET,test,1
7020-OZKXZ,train,0
3977-QCRSL,train,0
0017-DINOC,train,0
1447-PJGGA,train,1
8565-CLBZW,train,1
9139-WQQDY,test,1
0224-HJAPT,train,1
8086-OVPWV,train,1
9430-FRQOC,train,1
7639-OPLNG,train,0
3074-GQWYX,train,1
1492-QGCLU,test,0
6845-RGTYS,test,1
7328-OWMOM,train,0
4418-LZMSV,train,0
5155-AZQPB,test,0
8861-HGGKB,train,1
1087-GRUYI,train,0
7065-YUNRY,train,1
7694-VLBWQ,train,1
2546-KZAAT,train,0
0181-RITDD,test,0
5989-PGKJB,train,0
4795-KTRTH,train,1
8272-ONJLV,train,0
1488-PBLJN,train,0
0308-GIQJT,train,0
3778-FOAQW,train,0
4452-ROHMO,train,0
6481-OGDOO,train,1
3090-LETTY,train,0
5349-AZPEW,train,0
3753-TSEMP,train,1
8305-VHZBZ,train,1
9720-JJJOR,test,0
8100-HZZLJ,train,0
8775-ERLNB,test,0
8309-IEYJD,train,0
9172-JITSM,train,1
6298-QDFNH,train,1
7398-HPYZQ,train,0
3546-GHEAE,train,0
7361-YPXFS,train,0
6557-BZXLQ,test,0
2550-QHZGP,train,0
7519-JTWQH,train,0
2538-OIMXF,train,0
8543-MSDMF,train,0
9961-JBNMK,train,1
1170-SASML,train,0
4872-JCVCA,train,0
5346-BZCHP,train,0
2038-LLMLM,train,0
6173-ITPWD,train,1
9734-UYXQI,train,1
1216-BGTSP,train,0
4138-NAXED,train,0
2189-UXTKY,train,1
0744-BIKKF,train,0
7483-IQWIB,train,0
5248-KWLAR,train,0
4958-GZWIY,train,1
7996-MHXLW,train,0
7833-PKIHD,train,0
7061-OVMIM,test,0
5153-RTHKF,train,0
1852-QSWCD,train,0
4832-VRBMR,train,0
9079-LWTFD,train,0
6356-ELRKD,train,1
8624-GIOUT,train,1
3392-EHMNK,train,0
5986-WWXDV,train,0
3061-BCKYI,train,0
6179-GJPSO,train,1
7901-TBKJX,train,0
7228-PAQPD,train,0
3177-LASXD,train,1
7746-QYVCO,train,0
5804-HYIEZ,test,0
9919-FZDED,test,0
5934-TSSAU,test,0
3486-KHMLI,train,0
4897-QSUYC,train,1
1084-UQCHV,train,1
8290-YWKHZ,train,1
2955-BJZHG,test,1
3806-DXQOM,train,1
6784-XYJAE,test,0
3933-DQPWX,train,0
6661-EIPZC,train,0
8957-THMOA,train,0
2251-PYLPB,train,0
5555-RNPGT,train,0
1057-FOGLZ,train,0
9300-RENDD,train,1
0761-AETCS,train,1
8087-LGYHQ,train,0
4137-BTIKL,train,0
2190-BCXEC,test,0
6227-FBDXH,train,0
2153-MREFK,train,1
2911-WDXMV,test,0
7206-PQBBZ,train,0
3106-ULWFW,train,1
0925-VYDLG,train,1
4547-FZJWE,train,0
7422-WNBTY,train,0
0842-IWYCP,train,0
3521-HTQTV,train,0
3744-ZBHON,train,0
3373-DIUUN,train,0
8383-SGHJU,train,0
7607-QKKTJ,train,0
7707-PYBBH,train,0
8984-HPEMB,train,0
4349-GFQHK,train,1
4139-DETXS,train,0
9779-DPNEJ,test,0
9805-FILKB,train,0
5793-YOLJN,train,0
0673-IGUQO,train,0
4123-FCVCB,train,0
8819-IMISP,train,0
7802-EFKNY,train,1
8311-UEUAB,train,0
5858-EAFCZ,train,0
8035-BUYVG,train,1
1163-ONYEY,train,0
9787-XVQIU,train,1
8945-MUQUF,train,1
5656-MJEFC,train,0
6082-OQFBA,train,0
8051-HJRLT,train,1
8974-OVACP,train,0
4010-YLMVT,train,0
1379-FRVEB,test,0
8612-GXIDD,train,0
6288-CHQJB,test,0
8160-HOWOX,test,0
3023-GFLBR,train,1
6648-INWPS,train,0
4223-BKEOR,test,0
4079-VTGLK,test,0
1763-WQFUK,train,0
1391-UBDAR,train,0
8894-JVDCV,train,0
2023-VQFDL,train,0
1345-GKDZZ,train,0
2014-MKGMH,train,0
5628-FCGYG,test,0
2560-WBWXF,train,0
0248-IPDFW,train,0
7978-DKUQH,train,0
4335-UPJSI,test,0
0524-IAVZO,test,1
2737-YNGYW,test,1
1784-EZDKJ,train,0
9297-FVVDH,train,0
8007-YYPWD,train,0
7101-HRBLJ,train,0
5159-YFPKQ,test,1
6635-CPNUN,train,0
4021-RQSNY,train,1
5453-YBTWV,train,0
5039-LZRQT,train,0
2931-VUVJN,train,0
9061-TIHDA,train,1
8699-ASUFO,test,1
6418-PIQSP,train,0
8220-OCUFY,train,0
3995-WFCSM,train,0
1895-QTKDO,test,0
2038-OEQZH,train,0
1178-PZGAB,train,0
7927-AUXBZ,train,1
2626-VEEWG,train,0
2878-RMWXY,train,0
1657-DYMBM,train,0
7311-MQJCH,test,0
7375-WMVMT,test,0
1136-XGEQU,test,0
2530-FMFXO,train,0
6844-DZKRF,train,0
4695-WJZUE,train,1
7619-ODSGN,train,1
5970-GHJAW,train,0
8879-XUAHX,train,0
3689-MOZGR,train,0
4195-PNGZS,train,0
5003-XZWWO,train,0
3988-RQIXO,train,1
7622-FWGEW,train,0
6922-NCEDI,train,0
2514-GINMM,test,1
9891-NQDBD,train,0
6131-IUNXN,train,0
8548-AWOFC,train,0
9798-DRYDS,train,0
8532-UEFWH,test,0
6296-DDOOR,train,0
7951-VRDVK,train,0
5931-FLJJF,train,1
4815-YOSUK,train,0
2659-VXMWZ,test,1
0380-NEAVX,train,0
3207-OYBWH,test,1
4285-GYRQC,train,1
7216-EWTRS,train,1
4365-MSDYN,train,0
7036-TYDEC,test,0
5802-ADBRC,train,0
8076-FEZKJ,train,0
5197-YPYBZ,train,0
8337-MSSXB,train,1
4312-GVYNH,train,0
8495-LJDFO,train,0
0839-JTCUD,test,0
5494-WOZRZ,train,0
1302-UHBDD,test,0
2234-EOFPT,train,0
8619-IJNDK,test,0
8378-LKJAF,test,0
8182-BJDSI,train,1
2528-HFYZX,train,1
1153-GNOLC,train,0
3298-QEICA,train,0
0788-DXBFY,test,0
3597-YASZG,train,0
3496-LFSZU,train,0
5242-UOWHD,train,0
2482-CZGBB,test,1
6479-SZPLM,train,0
8097-VBQTZ,train,0
4500-HKANN,test,0
9917-KWRBE,test,0
3420-ZDBMA,train,0
2212-LYASK,test,0
1393-IMKZG,train,0
8069-RHUXK,train,0
3398-GCPMU,train,0
2908-WGAXL,train,0
3378-AJRAO,train,0
1013-QCWAM,train,0
0866-QLSIR,test,1
6050-FFXES,train,0
7181-BQYBV,test,1
0362-RAOQO,train,0
9554-DFKIC,train,0
5527-ACHSO,train,0
0829-DDVLK,train,0
1399-UBQIU,train,0
1813-JLKWR,train,0
0336-PIKEI,train,0
7322-OCWHC,test,0
9537-VHDTA,test,0
4957-TIALW,train,0
2054-PJOCK,train,0
9150-HEPMB,train,0
9030-QGZNL,test,0
6204-IEUXJ,train,1
3126-WQMGH,train,0
4529-CKBCL,train,1
2506-CLAKW,train,1
7176-WRTNX,train,0
1583-IHQZE,train,1
5732-IKGQH,train,0
9239-GZHZE,train,0
7205-BAIAD,test,0
0151-ONTOV,train,1
4140-MUHUG,train,1
0093-EXYQL,train,0
8064-RAVOH,train,0
0219-QAERP,train,0
0320-JDNQG,train,1
7180-PISOG,test,1
9168-INPSZ,train,0
3571-RFHAR,train,1
0015-UOCOJ,test,0
5334-AFQJB,test,0
2754-SDJRD,test,0
9578-VRMNM,train,1
1587-FKLZB,test,1
6140-QNRQQ,train,1
8963-JLGJT,train,0
4307-KTUMW,train,1
1465-LNTLJ,test,0
5440-FLBQG,train,1
2135-DQWAQ,train,0
4056-QHXHZ,train,0
7470-MCQTK,test,1
7488-MXJIV,train,1
7401-JIXNM,test,0
9339-FIIJL,test,0
2027-FECZV,test,1
2672-DZUOY,train,1
4706-DGAHW,test,0
3870-MQAMG,train,1
6670-MFRPK,train,0
6177-PEVRA,train,0
4800-CZMPC,train,1
4813-HQMGZ,train,0
7579-KKLOE,train,0
7377-DMMRI,train,1
8402-EIVQS,train,0
4947-DSMXK,test,0
7245-NIIWQ,train,0
0002-ORFBO,train,0
3324-OIRTO,test,0
5414-OFQCB,train,0
4967-WPNCF,train,0
8552-OBVRU,train,0
8499-BRXTD,train,0
9154-QDGTH,train,0
8197-BFWVU,train,0
2577-GVSIL,train,0
9367-OIUXP,train,0
6770-UAYGJ,train,0
6463-HHXJR,train,0
7928-VJYAB,test,0
1187-WILMM,train,0
9776-OJUZI,train,0
1306-RPWXZ,train,0
8949-JTMAY,train,1
2774-LVQUS,train,1
3097-PYWXL,train,0
2266-SJNAT,train,0
0869-PAPRP,train,0
4238-JSSWH,train,0
2972-YDYUW,test,0
1104-FEJAM,train,0
2809-ILCYT,train,0
5499-ECUTN,train,0
4981-FLTMF,test,0
9121-PHQSR,train,0
3113-IWHLC,train,0
3211-ILJTT,train,1
4612-THJBS,train,1
4277-BWBML,test,0
4094-NSEDU,train,1
0234-TEVTT,train,0
4304-TSPVK,test,0
1552-AAGRX,train,0
2637-FKFSY,train,0
9796-MVYXX,train,0
7874-ECPQJ,train,0
0020-INWCK,train,0
7089-RKVSZ,train,0
2683-JXWQQ,train,0
9548-ZMVTX,train,0
8739-XNIKG,test,0
9755-JHNMN,test,0
3981-QSVQI,train,0
2789-HQBOU,train,0
9424-CMPOG,train,0
5067-WJEUN,train,0
3450-WXOAT,train,0
9251-WNSOD,train,0
6974-DAFLI,train,0
2616-UUTFK,train,0
7064-JHXCE,train,0
5103-MHMHY,test,1
7989-AWGEH,train,0
4373-VVHQL,train,0
4559-UWIHT,train,0
7268-IGMFD,train,0
1846-XWOQN,train,1
0235-KGSLC,test,1
6650-BWFRT,train,0
9570-KYEUA,train,0
6993-YGFJV,train,0
2712-SYWAY,train,0
0730-BGQGF,train,0
5498-IBWPI,test,0
9101-NTIXF,train,0
0013-SMEOE,train,0
9314-QDMDW,train,0
9308-ANMVE,test,0
2884-GBPFB,train,1
3757-NJYBX,train,1
3413-DHLPB,train,0
7649-PHJVR,test,0
6114-TCFID,train,0
3787-TRIAL,test,0
2573-GYRUU,train,0
5156-UMKOW,train,0
1247-QBVSH,train,0
6734-GMPVK,train,0
9822-OAOVB,train,0
6161-ERDGD,train,0
1226-JZNKR,train,0
7318-EIVKO,train,0
3771-PZOBW,train,0
5136-KCKGI,train,1
8231-BSWXX,train,0
6486-LHTMA,train,0
4083-BFNYK,train,0
3722-WPXTK,test,1
7389-KBFIT,train,0
7176-WIONM,train,0
5141-ZUVBH,train,0
1089-HDMKP,train,0
7623-HKYRK,train,0
0310-SUCIN,train,0
5197-PYEPU,train,0
2929-ERCFZ,train,1
7548-SEPYI,train,1
8835-VSDSE,train,1
6619-RPLQZ,train,0
3275-RHRNE,train,0
3503-TYDAY,train,0
6901-GOGZG,train,0
1623-NLDOT,train,1
7021-XSNYE,train,0
9621-OUPYD,train,0
9898-KZQDZ,train,1
8982-NHAVY,train,0
4307-KWMXE,train,0
0141-YEAYS,train,0
2450-ZKEED,train,0
3694-DELSO,train,0
3893-JRNFS,test,0
9603-OAIHC,train,0
1133-KXCGE,test,0
5236-PERKL,test,1
0142-GVYSN,train,0
1049-FYSYG,train,0
7854-FOKSF,train,1
2519-FAKOD,train,1
8406-LNMHF,train,0
1821-BUCWY,train,0
8263-JQAIK,train,1
0023-UYUPN,train,0
8314-DPQHL,train,0
1465-WCZVT,train,0
9481-SFCQY,test,0
6360-SVNWV,train,0
0567-GGCAC,train,0
7089-IVVAZ,train,1
8884-MRNSU,train,0
2171-UDMFD,test,0
9050-IKDZA,train,0
2205-YMZZJ,train,1
9802-CAQUT,train,0
1254-IZEYF,train,1
0187-WZNAB,train,0
9492-TOKRI,train,1
1475-VWVDO,test,0
9221-OTIVJ,test,1
1357-MVDOZ,train,0
7602-MVRMB,train,0
3325-FUYCG,test,1
5908-QMGOE,train,1
1197-BVMVG,train,0
5406-KGRMX,train,0
8481-YYXWG,train,1
5968-HYJRZ,train,0
5198-EFNBM,test,0
7516-GMHUV,train,0
7140-ADSMJ,train,0
2230-XTUWL,test,0
7706-YLMQA,train,0
2585-KTFRE,train,0
7994-UYIVZ,train,0
2609-IAICY,test,1
1740-CSDJP,train,1
7717-BICXI,test,0
6559-RAKOZ,test,0
2636-OHFMN,train,1
4716-MRVEN,train,0
2143-LJULT,train,0
1323-OOEPC,train,1
3200-MNQTF,test,0
6164-HXUGH,test,0
5630-IXDXV,train,0
0320-DWVTU,train,0
9135-MGVPY,train,0
1212-GLHMD,train,0
7878-JGDKK,train,0
1088-AUUZZ,test,0
0397-GZBBC,train,1
6614-YWYSC,train,0
9588-OZDMQ,train,0
7641-EUYET,train,1
6476-EPYZR,train,0
9921-ZVRHG,train,1
1174-FGIFN,test,0
6620-HVDUJ,train,0
4701-MLJPN,test,1
1032-MAELW,train,0
7641-TQFHN,test,0
1552-TKMXS,train,0
9206-GVPEQ,train,1
8622-ZLFKO,test,0
1596-BBVTG,train,1
6188-UXBBR,train,0
2333-KWEWW,train,0
5702-SKUOB,train,0
1134-YWTYF,train,0
6061-GWWAV,test,0
0679-TDGAK,train,0
6585-WCEWR,train,0
9067-YGSCA,train,0
9067-SQTNS,test,0
8433-WXGNA,train,1
1776-SPBWV,test,0
8735-SDUFN,test,0
9668-PUGNU,train,0
9405-GPBBG,test,0
1926-QUZNN,test,0
3707-GNWHM,test,1
7016-NVRIC,train,0
5829-NVSQN,train,0
9565-AXSMR,train,0
8922-LIEGH,train,1
8869-LIHMK,train,0
8245-UMPYT,test,1
5186-SAMNZ,test,1
0447-RXSGD,train,0
4927-WWOOZ,test,0
5788-YPOEG,train,0
5373-SFODM,test,1
0661-KBKPA,test,0
9081-WWXKP,train,0
0784-ZQJZX,train,0
3133-PZNSR,train,0
5766-ZJYBB,test,1
8931-GJJIQ,train,1
4277-PVRAN,train,1
0022-TCJCI,train,1
0722-SVSFK,train,0
3612-YVGSJ,train,0
9825-YCXWZ,train,0
5397-NSKQG,train,0
8565-HBFNN,train,0
2000-DHJUY,train,0
0203-HHYIJ,train,1
8670-ERCJH,train,0
7758-UJWYS,train,0
2050-ONYDQ,train,0
7055-JCGNI,train,0
0739-UUAJR,train,0
4826-DXMUP,train,0
0952-KMEEH,test,1
7285-KLOTR,train,0
0654-PQKDW,train,0
7175-NTIXE,train,0
7963-SHNDT,train,0
9796-BPKIW,train,0
0188-GWFLE,train,0
8129-GMVGI,test,0
2882-DDZPG,train,0
3547-LQRIK,train,0
9137-NOQKA,train,0
5843-TTHGI,train,0
1849-RJYIG,train,0
8868-GAGIO,train,0
4061-UKJWL,train,0
5380-XPJNZ,test,0
8263-QMNTJ,train,0
8178-EYZUO,train,1
3230-JCNZS,train,0
0277-ORXQS,train,0
5130-IEKQT,train,1
3230-WYKIR,train,1
7996-BPXHY,test,0
3227-WLKLI,train,0
0407-BDJKB,train,1
2266-FUBDZ,test,0
8237-ULIXL,train,0
9600-UDOPK,train,1
8216-AZUUZ,train,0
9153-BTBVV,train,0
4074-SJFFA,train,1
3269-ATYWD,train,1
5186-PEIZU,train,0
1074-AMIOH,test,0
4910-GMJOT,train,1
0354-WYROK,train,1
4361-FEBGN,train,0
7748-UMTRK,test,0
0380-ZCSBI,train,0
7145-FEJWU,train,0
6463-MVYRY,train,0
3969-JQABI,train,0
9624-EGDEQ,train,0
1051-EQPZR,train,0
5849-ASHZJ,train,0
5780-INQIK,train,0
7576-OYWBN,train,1
4526-ZJJTM,test,0
8384-FZBJK,train,0
3750-RNQKR,train,0
0962-CQPWQ,test,0
3096-YXENJ,train,0
1265-BCFEO,train,0
5837-LXSDN,train,0
5945-AZYHT,train,0
8325-QRPZR,train,0
6384-VMJHP,train,0
2262-SLNVK,train,0
7730-CLDSV,train,0
1135-HIORI,train,0
0164-APGRB,test,0
6481-ESCNL,test,0
1790-NESIO,train,0
1550-EENBN,train,0
5539-TMZLF,train,1
4323-SADQS,test,1
4446-BZKHU,train,1
5202-IVJNU,train,1
5976-JCJRH,train,1
8198-RKSZG,train,0
0137-OCGAB,train,1
3351-NQLDI,train,1
9297-EONCV,train,0
7593-JNWRU,train,1
4588-YBNIB,train,1
1069-QJOEE,train,0
3336-JORSO,train,1
7799-DSEWS,train,0
8766-PAFNE,train,0
5315-CKEQK,train,0
3130-ICDUP,train,0
0820-FNRNX,train,0
0880-FVFWF,train,0
4611-ANLQC,train,0
4213-HKBJO,test,0
2792-LSHWX,train,0
5028-GZLDO,train,1
0014-BMAQU,train,0
6861-XWTWQ,test,1
9018-PCIOK,train,0
4837-QUSFT,train,0
6877-TJMBR,train,1
9953-ZMKSM,train,0
0907-HQNTS,train,0
7665-NKLAV,train,0
6769-DCQLI,train,1
2433-KMEAS,train,1
4391-LNRXK,train,0
8250-ZNGGW,train,0
2195-ZRVAX,train,1
3550-SAHFP,train,1
2011-TRQYE,train,1
8562-GHPPI,train,0
5893-PYOLZ,test,0
4986-MXSFP,train,0
6131-FOYAS,train,0
3027-YNWZU,test,0
5609-IMCGG,test,0
4873-ILOLJ,test,1
4727-MCYZG,train,0
9481-WHGWY,train,0
2725-KXXWT,train,1
9565-DJPIB,train,1
4328-VUFWD,train,0
3301-LSLWQ,train,0
7473-ZBDSN,train,0
3166-PNEOF,train,0
5639-NTUPK,train,0
8780-YRMTT,train,0
8348-HFYIV,train,1
5140-FOMCQ,test,0
6242-SGYTS,test,0
8166-ORCHU,test,0
8414-OOEEL,train,0
8454-AATJP,train,0
6849-WLEYG,train,1
4659-NZRUF,train,1
4531-AUZNK,train,0
4191-XOVOM,train,0
2150-OEGBV,test,0
8429-XIBUM,train,1
1855-CFULU,test,0
4878-BUNFV,train,0
1872-EBWSC,train,0
2608-BHKFN,train,1
7026-YMSBE,train,0
7341-LXCAF,train,1
6997-UVGOX,train,0
9674-EHPPG,test,0
9462-MJUAW,train,1
8128-YVJRG,train,1
5440-VHLUL,test,0
5781-BKHOP,train,0
4283-FUTGF,test,1
5213-TWWJU,test,0
1569-TTNYJ,train,1
8628-MFKAX,train,0
2397-BRLOM,train,1
7629-WIXZF,test,0
5445-GLVOT,train,0
3976-HXHCE,train,0
2466-NEJOJ,train,0
0254-KCJGT,test,0
5472-CVMDX,train,0
6461-SZMCV,train,0
8150-QUDFX,train,0
9508-ILZDG,test,0
2346-DJQTB,train,0
1697-LYYYX,test,0
1942-OQFRW,test,0
4749-VFKVB,train,1
9640-ZSLDC,test,0
4231-LZUYM,train,0
7598-UAASY,train,1
7938-OUHIO,train,1
8510-AWCXC,train,1
6128-AQBMT,test,0
3594-BDSOA,train,0
0431-APWVY,test,1
5133-VRSAB,train,0
5996-DAOQL,train,0
6838-YAUVY,train,0
0484-JPBRU,train,0
7883-ROJOC,train,0
0244-LGNFY,train,0
7274-CGTOD,train,0
4295-YURET,train,0
3426-NIYYL,train,1
8225-BTJAU,train,1
4635-EJYPD,train,0
1866-ZSLJM,train,0
4636-TVXVG,train,0
4236-UJPWO,train,0
9392-XBGTD,train,0
3387-VATUS,train,1
6402-SSEJG,train,0
1143-NMNQJ,test,1
1169-SAOCL,train,0
1110-KYLGQ,test,0
9929-PLVPA,train,0
3518-PZXZQ,train,0
2371-JUNGC,train,0
7693-QPEFS,train,0
0924-BJCRC,train,0
5074-FBGHB,train,0
2351-BKRZW,train,0
4455-BFSPD,train,0
0415-MOSGF,train,1
1724-BQUHA,train,1
3948-KXDUF,test,0
2323-ARSVR,test,0
0815-MFZGM,train,0
4826-XTSOH,train,1
5480-XTFFL,train,0
8295-FHIVV,train,0
2495-INZWQ,test,1
9086-YJYXS,train,0
1179-INLAT,train,0
7909-FIOIY,train,0
4139-SUGLD,train,1
6857-VWJDT,test,1
6351-SCJKT,train,0
5468-BPMMO,test,0
5624-BQSSA,train,1
0197-PNKNK,train,0
2439-QKJUL,train,0
1194-SPVSP,test,0
9534-NSXEM,test,0
2408-WITXK,train,1
8929-KSWIH,train,0
2250-IVBWA,test,0
1810-MVMAI,train,0
9506-UXUSK,train,0
1229-RCALF,train,0
3572-UOLYZ,train,0
1429-UYJSV,train,0
5577-OTWWW,train,1
6100-QQHEB,train,1
6366-XIVKZ,test,0
3470-OBUET,test,0
2770-NSVDG,test,0
9375-MHRRS,train,0
2634-HCZGT,train,1
7503-QQRVF,test,1
4860-YZGZM,train,0
6599-GZWCM,train,0
2691-NZETQ,train,1
4404-HIBDJ,train,1
5533-NHFRF,train,0
7037-MTYVW,train,0
4760-THGOT,test,0
7295-JOMMD,train,1
4016-BJKTZ,test,0
6584-VQMYT,train,0
9838-BFCQT,train,0
2790-XUYMV,train,0
0581-MDMPW,test,0
5013-SBUIH,train,1
1023-BQXZE,test,0
9163-GHAYE,test,0
3904-UKFRE,train,0
5353-WILCI,train,0
0709-TVGUR,train,1
0058-EVZWM,test,0
6023-YEBUP,test,1
7209-JCUDS,test,1
7009-PCARS,train,0
0519-DRGTI,train,0
1017-FBQMM,train,0
3001-CBHLQ,train,1
1985-MBRYP,train,0
6158-DWPZT,train,1
9372-TXXPS,test,0
3259-QMXUN,train,0
1015-JPFYW,train,0
6645-MXQJT,train,0
4360-QRAVE,train,0
8433-WPJTV,test,0
5804-JMYIO,train,0
3763-GCZHZ,train,1
6484-LATFU,train,0
7599-NTMDP,train,0
0772-GYEQQ,train,1
0536-ACXIP,test,0
0936-NQLJU,train,0
4831-EOBFE,train,1
1575-KRZZE,test,0
3251-YMVWZ,test,0
4102-OQUPX,train,1
9170-GYZJC,train,1
4884-LEVMQ,train,0
8857-CUPFQ,train,0
7610-TVOPG,train,0
3638-DIMPH,train,0
1845-ZLLIG,train,0
8559-WNQZS,train,0
3999-QGRJH,train,1
1699-UOTXU,train,0
2454-RPBRZ,train,1
0635-WKOLD,train,0
5993-JSUWV,train,0
4518-FZBSX,train,0
5387-ASZNZ,train,0
6988-CJEYV,train,0
2002-MZHWP,train,1
3097-FQTVJ,train,0
5465-BUBFA,train,0
7299-GNVPL,train,0
9743-DQKQW,train,0
1215-VFYVK,train,0
9371-BITHB,train,0
2265-CYWIV,train,1
9093-FPDLG,train,0
0541-FITGH,train,0
6985-HAYWX,train,0
7508-KBIMB,train,0
6838-HVLXG,test,0
2277-DJJDL,test,0
1897-OKVMW,train,0
5485-ITNPC,train,0
0233-FTHAV,train,0
4644-PIZRT,train,0
8922-NPKBJ,train,0
2740-TVLFN,train,0
7771-CFQRQ,train,0
9512-PHSMG,train,0
6963-EZQEE,train,0
2452-KDRRH,test,0
2004-OCQXK,train,1
5027-QPKTE,train,1
4146-SVFUD,train,0
1564-HJUVY,train,0
3617-XLSGQ,train,0
7517-LDMPS,train,0
7244-KXYZN,train,0
5226-NOZFC,test,0
2672-HUYVI,train,1
1400-WIVLL,train,0
7508-MYBOG,train,1
8148-NLEGT,train,0
0148-DCDOS,train,1
8347-GDTMP,test,0
9992-RRAMN,train,1
6746-WAUWT,train,0
0310-MVLET,test,1
0428-IKYCP,train,0
4550-VBOFE,train,1
2187-PKZAY,test,0
4003-OCTMP,train,0
6652-YFFJO,train,0
7225-IILWY,train,0
5248-RPYWW,train,0
7923-IYJWY,train,0
3170-GWYKC,train,0
5696-QURRL,train,1
7409-KIUTL,test,1
9830-ECLEN,train,0
1732-VHUBQ,train,1
0495-RVCBF,train,1
2668-TZSPS,test,0
7854-EDSSA,train,1
8869-TORSS,test,1
7446-SFAOA,train,0
9522-ZSINC,train,0
8234-GSZYK,train,0
6505-OZNPG,train,0
6164-HAQTX,test,0
0679-IDSTG,test,1
7765-LWVVH,train,0
1658-TJVOA,test,0
0953-LGOVU,train,0
2115-BFTIW,train,1
4692-NNQRU,train,0
7742-MYPGI,train,0
0611-DFXKO,train,1
7780-OTDSO,train,1
9619-GSATL,train,0
5622-UEJFI,train,0
9747-DDZOS,test,1
0674-DGMAQ,train,0
6203-HBZPA,test,0
0484-FFVBJ,test,0
0301-FIDRB,test,0
4139-JPIAM,train,0
2181-TIDSV,train,0
2761-XECQW,train,0
1936-CZAKF,test,0
9453-PATOS,train,0
0564-JJHGS,train,1
3348-CFRNX,train,1
4402-FTBXC,test,0
1428-GTBJJ,train,1
2931-XIQBR,train,0
0106-UGRDO,test,0
5542-TBBWB,test,0
1930-QPBVZ,train,0
2606-PKWJB,train,0
5322-ZSMZY,train,0
8059-UDZFY,test,0
7740-BTPUX,train,0
5220-AGAAX,train,0
0208-BPQEJ,train,0
9435-JMLSX,train,0
3352-ALMCK,train,0
5312-IRCFR,train,0
5294-IMHHT,train,0
8802-UNOJF,train,1
6313-GIDIT,train,1
6176-YJWAS,train,0
5310-NOOVA,train,0
4526-EXKKN,train,0
5311-IHLEI,train,0
3987-KQDDU,train,0
3404-JNXAX,train,0
5131-PONJI,train,0
2845-AFFTX,train,1
3489-VSFRD,test,0
3345-JHUEO,train,0
5815-HGGHV,train,0
5260-UMPWX,train,0
2249-YPRNG,train,1
7410-YTJIK,test,1
4626-GYCZP,train,1
5649-RXQTV,train,0
2674-MIAHT,train,0
2576-HXMPA,train,0
7587-AOVVU,train,0
5590-BYNII,train,1
6898-MDLZW,test,0
3237-AJGEH,test,1
4707-YNOQA,train,0
9357-UJRUN,test,0
1591-NFNLQ,train,1
8648-PFRMP,train,0
7663-CUXZB,test,0
0258-NOKBL,test,0
1163-VIPRI,train,0
2815-CPTUL,train,1
9348-ROUAI,train,0
9443-JUBUO,train,0
0596-BQCEQ,train,1
1481-ZUWZA,train,1
3043-TYBNO,train,0
4830-FAXFM,test,0
5906-BFOZT,train,0
2960-NKRSO,test,0
8996-ZROXE,train,0
5598-IKHQQ,train,0
0397-ZXWQF,test,0
5266-PFRQK,test,0
4674-HGNUA,test,0
6765-MBQNU,train,0
9786-IJYDL,train,0
1303-SRDOK,train,0
3769-MHZNV,train,0
6295-OSINB,train,0
3308-MHOOC,train,0
2309-OSFEU,test,1
2207-QPJED,train,0
4177-JPDFU,train,0
2239-CFOUJ,test,0
8046-DNVTL,train,0
2209-XADXF,train,0
6620-JDYNW,train,0
1891-FZYSA,train,1
4770-UEZOX,train,0
1038-RQOST,test,0
7613-LLQFO,train,1
4568-TTZRT,train,0
9513-DXHDA,train,0
2640-PMGFL,train,1
3801-HMYNL,train,1
0516-QREYC,train,0
9685-WKZGT,test,1
6022-UGGSO,test,1
8084-OIVBS,train,0
8896-BQTTI,train,0
3865-QBWSJ,train,0
3352-RICWQ,train,0
2160-GPFXD,train,0
2065-MMKGR,train,0
5857-TYBCJ,train,0
1498-NHTLT,train,0
4484-CGXFK,train,1
1402-PTHGN,train,0
4176-RELJR,train,0
6214-EDAKZ,train,1
5199-FPUSP,train,0
6377-KSLXC,train,0
1796-JANOW,train,0
0238-WHBIQ,train,0
8735-NBLWT,test,0
6651-RLGGM,train,0
6127-ISGTU,train,1
1614-JBEBI,train,0
8740-XLHDR,train,1
1208-DNHLN,train,1
1761-AEZZR,train,1
3923-CSIHK,test,1
5696-EXCYS,train,0
5795-KTGUD,train,0
7120-RFMVS,train,1
7924-GJZFI,train,0
4702-HDRKD,test,0
8512-WIWYV,train,0
5897-ZYEKH,train,0
5456-ITGIC,train,0
7317-GGVPB,train,1
1406-PUQVY,train,0
1322-AGOQM,train,1
3677-IYRBF,test,1
5692-FPTAH,test,1
9114-AAFQH,train,0
8715-KKTFG,train,0
1550-LOAHA,test,1
1728-BQDMA,train,0
0268-QKIWO,train,1
0876-WDUUZ,test,1
5117-ZSMHQ,train,0
5151-HQRDG,train,0
0960-HUWBM,train,0
6465-GSRCL,train,0
0617-FHSGK,train,1
0263-FJTQO,test,0
7319-ZNRTR,train,0
2858-MOFSQ,train,1
7503-EPSZW,train,0
7089-XXAYG,train,0
8118-LSUEL,train,1
8070-AAWZP,train,0
1666-JXLKU,train,0
7855-DIWPO,test,0
5133-POWUA,test,0
5652-MSDEY,train,0
7005-CCBKV,test,1
1810-BOHSY,train,0
1784-BXEFA,test,0
7351-MHQVU,train,0
9224-VTYID,train,0
9500-IWPXQ,train,0
5762-TJXGK,train,0
4504-YOULA,train,0
5569-IDSEY,train,0
4250-FDVOU,train,1
7284-ZZLOH,train,0
5277-ZLOOR,train,1
2141-RRYGO,train,1
1777-JYQPJ,train,0
6376-GAHQE,test,1
3401-URHDA,train,0
1599-EAHXY,train,0
8631-XVRZL,train,0
5052-PNLOS,test,1
3853-LYGAM,train,0
6979-ZNSFF,test,1
5751-USDBL,test,0
5680-LQOGP,train,0
2386-LAHRK,test,1
8189-DUKMV,train,0
6032-IGALN,train,1
9931-DCEZH,train,0
1898-JSNDC,train,0
0315-LVCRK,train,0
3911-RSNHI,train,0
2410-CIYFZ,train,0
4248-HCETZ,train,1
5505-OVWQW,test,0
7271-AJDTL,train,0
1867-TJHTS,train,0
0516-WJVXC,train,1
9174-FKWZE,train,1
6860-YRJZP,train,0
4429-WYGFR,train,0
2817-LVCPP,train,0
5038-ETMLM,train,0
5056-FIMPT,train,0
4521-WFJAI,test,0
6569-KTMDU,train,0
8809-RIHDD,train,1
8809-XKHMD,test,0
0396-YCHWO,train,0
0867-LDTTC,train,0
4822-NGOCH,train,1
9391-DXGGG,train,0
9844-FELAJ,test,0
2122-SZZZD,train,0
5307-DZCVC,train,1
3148-AOIQT,train,0
8679-JOEVF,train,1
8395-ETZKQ,train,0
6692-YQHXC,train,0
3889-VWBID,train,0
5222-JCXZT,train,0
9754-CLVZW,train,0
1432-FPAXX,train,1
2739-CCZMB,train,0
7080-TNUWP,train,0
0496-AHOOK,train,0
8336-TAVKX,train,0
2468-SJFLM,train,0
3181-VTHOE,train,0
7168-HDQHG,train,0
4803-AXVYP,train,1
3884-HCSWG,train,1
4567-AKPIA,train,0
5077-DXTCG,train,1
1142-WACZW,train,1
7901-HXJVA,train,0
5649-ANRML,train,1
4892-VLANZ,test,1
5924-IFQTT,train,0
7968-QUXNS,train,0
2919-HBCJO,test,1
4236-XPXAV,train,1
8903-WMRNW,train,0
2452-SNHFZ,train,0
3629-WEAAM,train,0
6029-CSMJE,train,0
7993-NQLJE,train,0
9909-DFRJA,test,0
9099-FTUHS,train,0
0581-BXBUB,test,0
4962-CHQPW,test,0
9467-ROOLM,train,0
3030-YZADT,train,1
7410-KTVFV,test,1
5150-ITWWB,train,0
2253-KPMNB,train,0
1345-ZUKID,train,0
6429-SHBCB,test,0
9281-OFDMF,train,0
2603-HVKCG,train,0
1834-WULEG,train,0
9097-ZUBYC,test,0
5148-ORICT,train,0
4893-GYUJU,train,0
4578-PHJYZ,train,0
7272-QDCKA,train,0
8908-SLFCJ,train,0
8393-DLHGA,test,1
9766-HGEDE,train,0
6968-MHOMU,test,0
7395-IGJOS,train,1
5044-XDPYX,train,0
1814-WFGVS,train,0
2834-SPCJV,train,1
3721-WKIIL,train,0
6734-CKRSM,train,0
1265-ZFOSD,train,0
6568-POCUI,test,0
7890-VYYWG,train,1
5197-LQXXH,train,0
9907-SWKKF,test,1
3457-PQBYH,train,0
7682-AZNDK,train,0
0587-DMGBH,train,1
5384-ZTTWP,train,0
3745-HRPHI,train,0
7636-OWBPG,train,0
1231-YNDEK,train,0
1407-DIGZV,train,0
6397-JNZZG,train,1
0570-BFQHT,train,0
4393-OBCRR,train,0
3523-QRQLL,test,1
8564-LDKFL,train,0
3696-DFHHB,train,0
0895-DQHEW,train,1
4717-GHADL,test,0
5501-TVMGM,test,0
5879-HMFFH,train,0
6772-WFQRD,train,0
3810-DVDQQ,train,0
6972-SNKKW,train,0
3694-GLTJM,test,0
8550-XSXUQ,train,0
8149-RSOUN,train,1
9055-MOJJJ,train,0
4359-INNWN,test,0
0585-EGDDA,train,0
4032-RMHCI,train,0
0549-CYCQN,train,0
3481-JHUZH,train,0
7250-EQKIY,test,1
3594-IVHJZ,test,0
6869-FGJJC,train,0
3896-ZVNET,train,0
8205-VSLRB,train,0
5960-MVTUK,train,0
6817-WTYHE,train,0
3082-VQXNH,train,0
4013-UBXWQ,train,1
4931-TRZWN,train,0
0750-EKNGL,train,0
7669-LCRSD,test,0
3567-PQTSO,test,0
5519-NPHVG,train,1
8043-PNYSD,train,0
9938-EKRGF,train,0
2703-AMTUL,train,0
0928-JMXNP,train,0
8173-RXAYP,test,0
4825-XJGDM,train,0
5402-HTOTQ,test,0
6734-JDTTV,train,0
7850-THJMU,train,0
3890-RTCMS,train,0
8849-GYOKR,test,1
3148-BLQJT,train,1
3717-FDJFU,test,0
3665-JATSN,train,0
7966-YOTQW,train,0
0461-CVKMU,train,1
8806-EAGWC,train,1
8853-TZDGH,train,0
7779-LGOVN,train,1
4324-BZCKL,train,0
6924-TDGMT,train,0
9710-ZUSHQ,test,1
1536-YHDOE,train,0
8123-QBNAZ,train,0
3629-ZNKXA,train,0
4827-LTQRJ,train,0
7711-YIJWC,train,0
5482-VXSXJ,train,0
7365-BVCJH,train,0
9620-ENEJV,train,0
4183-WCSEP,train,1
2378-YIZKA,train,0
5498-TXHLF,train,1
0689-DSXGL,train,0
6818-DJXAA,train,0
9722-UJOJR,train,1
0464-WJTKO,train,0
8902-ZEOVF,train,0
6778-EICRF,train,0
2662-NNTDK,train,0
4132-KALRO,train,0
3902-FOIGH,train,1
6772-KSATR,train,1
7112-OPOTK,train,1
2874-YXVVA,train,0
1245-HARPS,train,0
4210-QFJMF,train,1
4323-ELYYB,train,0
4293-ETKAP,train,0
6064-PUPMC,train,0
6504-VBLFL,train,0
6322-PJJDJ,train,0
0330-BGYZE,train,0
1085-LDWAM,test,0
7586-ZATGZ,train,0
7197-VOJMM,train,0
3318-OSATS,train,1
5828-AVIPD,test,1
1843-TLSGD,train,0
9626-VFRGG,train,0
7075-BNDVQ,train,0
9143-CANJF,test,0
7284-BUYEC,train,0
2041-JIJCI,test,0
1086-LXKFY,train,1
4900-MSOMT,train,0
2229-VWQJH,train,0
9194-GFVOI,train,0
1336-EZFZY,train,0
4282-MSACW,train,0
1403-LKLIK,train,0
2636-ALXXZ,train,1
7774-OJSXI,train,1
7786-WBJYI,train,1
0136-IFMYD,train,0
5144-TVGLP,test,0
9643-AVVWI,test,0
0253-ZTEOB,train,0
2706-QZIHY,train,0
6061-PQHMK,train,0
9885-CSMWE,train,1
6137-MFAJN,train,0
9122-UMROB,test,0
4232-JGKIY,train,0
2402-TAIRZ,train,0
9659-ZTWSM,train,0
9139-TWBAS,train,0
6685-GBWJZ,test,0
5016-ETTFF,train,1
3866-MDTUB,train,1
2195-VVRJF,test,0
3913-RDSJZ,train,0
8058-JMEQO,train,1
4203-QGNZA,train,0
5043-TRZWM,train,0
0697-ZMSWS,train,1
7657-DYEPJ,train,1
9494-BDNNC,train,0
1640-PLFMP,train,0
5366-OBVMR,train,0
8276-MQBYC,train,1
7644-OMVMY,train,0
7593-XFKDI,train,1
4573-JKNAE,train,0
0337-CNPZE,train,1
9817-APLHW,train,0
8380-MQINP,train,0
0840-DFEZH,train,0
1513-XNPPH,train,1
8690-ZVLCL,train,0
6015-VVHHE,train,1
1125-SNVCK,train,0
0384-LPITE,train,0
4616-EWBNJ,train,0
6347-DCUIK,train,1
1335-HQMKX,train,0
2545-EBUPK,test,0
6923-AQONU,train,0
2172-EJXVF,train,0
0897-FEGMU,train,1
7663-RGWBC,test,1
1120-BMWUB,train,1
9124-LHCJQ,train,1
4536-PLEQY,train,0
7029-IJEJK,train,0
8871-JLMHM,train,0
2235-ZGKPT,train,1
3891-PUQOD,test,1
5447-VYTKW,train,0
3623-FQBOX,test,0
0689-NKYLF,train,1
8659-HDIYE,train,0
3658-KIBGF,test,1
3474-BAFSJ,train,0
5519-YLDGW,train,1
3865-ZFZIB,test,0
1855-AGAWH,train,0
7109-CQYUZ,train,0
1370-GGAWX,test,0
4680-KUTAJ,train,0
5307-UVGNB,train,0
4946-EDSEW,test,1
2883-ILGWO,train,0
2516-VQRRV,train,1
7580-UGXNC,train,1
3642-BYHDO,test,0
9629-NHXFW,test,0
2696-RZVZW,test,0
5766-FTRTS,train,0
0396-HUJBP,train,0
5178-LMXOP,test,1
8879-ZKJOF,train,0
6285-FTQBF,train,0
8185-UPYBR,train,1
4585-HETAI,train,1
7526-BEZQB,train,1
1474-JUWSM,train,0
3530-CRZSB,train,0
8498-XXGWA,train,0
9617-INGJY,train,0
0621-TSSMU,train,0
7234-KMNRQ,train,0
7636-PEPNS,test,0
4683-WYDOU,train,0
9052-DHNKM,test,0
6794-HKIAJ,train,0
5578-NKCXI,train,0
1642-HMARX,train,0
3096-WPXBT,test,0
8434-PNQZX,train,0
5950-AAAGJ,train,0
4299-OPXEJ,test,0
4951-UKAAQ,train,1
9618-LFJRU,train,0
6693-DJWTY,train,0
0744-GKNGE,train,0
6447-EGDIV,train,0
1167-OYZJF,train,0
2108-YKQTY,test,1
4806-DXQCE,train,0
4918-QLLIW,train,1
7056-IMHCC,test,1
4854-SSLTN,train,0
5294-DMSFH,train,0
4837-PZTIC,train,0
1625-JAIIY,train,1
0603-OLQDC,train,0
3272-VUHPV,train,0
4176-FXYBO,train,0
1063-DHQJF,test,0
8663-UPDGF,train,0
6719-FGEDO,train,0
1837-YQUCE,train,0
2947-DOMLJ,train,1
4112-LUEIZ,train,1
0369-ZGOVK,train,0
4510-HIMLV,train,1
9919-KNPOO,train,0
8749-JMNKX,train,1
7872-BAAZR,train,0
9391-LMANN,train,0
2430-USGXP,train,1
8174-TBVCF,train,0
1698-XFZCI,train,0
1877-HKBQX,train,0
4450-DLLMH,train,0
0428-AXXLJ,train,0
2746-DIJLO,test,0
5955-ERIHD,train,1
0917-EZOLA,train,1
3508-VLHCZ,test,0
4086-ATNFV,test,0
0468-YRPXN,train,0
5996-NRVXR,train,0
3739-YBWAB,train,0
7047-FWEYA,train,0
2000-MPKCA,train,0
9762-YAQAA,train,0
5949-EBSQK,test,1
5473-KHBPS,test,0
0100-DUVFC,train,0
5397-TUPSH,train,0
8950-MTZNV,train,0
0326-VDYXE,train,0
6773-LQTVT,test,0
7274-RTAPZ,train,1
0436-TWFFZ,train,0
8566-YPRGL,train,0
0311-UNPFF,train,1
6609-MXJHJ,train,0
2669-OIDSD,train,0
8400-WZICQ,test,0
3834-XUIFC,train,1
9576-SYUHJ,test,0
0410-IPFTY,test,0
2831-EBWRN,train,0
9430-NKQLY,test,0
8414-MYSHR,train,1
0247-SLUJI,train,0
9402-ORRAH,train,0
6483-OATDN,test,0
1293-HHSHJ,train,0
4840-ORQXB,test,0
7599-FKVXZ,train,1
3982-DQLUS,train,0
8610-ZIKJJ,train,0
3756-VNWDH,test,0
7801-KICAO,train,0
7673-LPRNY,train,0
8229-TNIQA,train,1
6060-QBMGV,train,0
7339-POGZN,train,0
2828-SLQPF,test,0
4465-VDKIQ,train,0
2921-XWDJH,train,0
6221-AVQYL,train,1
2558-BUOZZ,train,0
9257-AZMTZ,train,0
0003-MKNFE,train,0
0975-UYDTX,train,0
7743-EXURX,train,1
4682-BLBUC,train,0
0975-VOOVL,train,0
5968-VXZLG,train,0
5569-KGJHX,train,1
4988-IQIGL,train,1
5201-FRKKS,train,0
9799-CAYJJ,train,0
7730-IUTDZ,train,1
0426-TIRNE,train,1
5443-SCMKX,train,0
8295-KMENE,train,0
6738-ISCBM,train,0
9821-BESNZ,train,0
3678-MNGZX,train,0
1335-NTIUC,test,0
2916-BQZLN,train,0
4558-CGYCZ,train,0
2368-GAKKQ,test,0
8710-YGLWG,train,0
3199-XGZCY,test,0
3785-KTYSH,train,0
6814-ZPWFQ,test,0
4063-EIKNQ,train,0
6993-YCOBK,test,0
5206-HPJKM,train,0
7587-RZNME,test,1
0748-RDGGM,train,1
8393-JMVMB,train,0
5019-GQVCR,train,0
6036-TTFYU,train,0
2550-AEVRU,train,0
0969-RGKCU,train,0
0378-CJKPV,train,0
4706-AXVKM,test,1
5889-JTMUL,test,1
9026-RNUJS,train,1
3746-EUBYR,train,1
2332-EFBJY,train,1
2880-FPNAE,train,0
1703-MGIAB,train,0
4311-QTTAI,train,0
9474-PHLYD,train,1
4318-RAJVY,train,0
2165-VOEGB,test,1
3612-YUNGG,train,0
2254-DLXRI,test,0
5062-CJJKH,test,0
9028-LIHRP,train,0
2219-MVUSO,train,1
1053-MXTTK,train,0
1530-ZTDOZ,test,0
1301-LOPVR,train,0
0853-TWRVK,train,0
8914-RBTSB,test,1
6212-ATMLK,train,0
8200-LGKSR,train,0
1568-BEKZM,test,0
0670-ANMUU,train,0
6897-RWMUB,train,0
0963-ZBDRN,test,1
7594-RQHXR,train,1
6999-CHVCF,train,0
6134-KWTBV,test,0
1077-HUUJM,test,0
6331-EWIEB,train,1
0895-LNKRC,train,0
2045-BMBTJ,train,0
8417-GSODA,train,0
5171-EPLKN,train,0
4452-QIIEB,train,0
5998-VVEJY,train,1
1624-NALOJ,train,1
6741-EGCBI,train,0
7820-ZYGNY,train,0
4317-VTEOA,test,1
9677-AVKED,train,0
1670-SVOWZ,train,1
2227-JRSJX,test,0
9847-HNVGP,train,0
6696-YDAYZ,train,0
8980-WQFWL,train,0
1730-ZMAME,train,0
6506-EYCNH,train,0
4634-JLRJT,train,0
9501-UKKNL,train,0
2560-QTSBS,train,0
7541-YLXCL,train,1
4795-WRNVT,train,0
6080-TCMYC,test,0
0260-ZDLGK,train,1
7860-UXCRM,train,0
6357-JJPQT,train,0
2292-XQWSV,train,0
9552-TGUZV,train,0
5913-INRQV,train,0
8722-NGNBH,train,1
6210-KBBPI,train,1
9643-YBLUR,train,0
8734-FNWVH,train,0
9447-YPTBX,train,0
0133-BMFZO,train,1
6128-CZOMY,train,1
9540-JYROE,train,1
9026-LHEVG,train,0
2260-USTRB,train,1
3656-TKRVZ,train,1
7011-CVEUC,train,0
6185-TASNN,train,0
7925-PNRGI,train,0
8623-TMRBY,train,1
1552-CZCLL,train,0
3038-PQIUY,train,0
1501-SGHBW,train,1
9313-CDOGY,test,0
8148-BPLZQ,train,0
2623-DRYAM,train,0
9987-LUTYD,train,0
3208-YPIOE,train,1
4488-KQFDT,train,0
2612-RANWT,train,1
5693-PIPCS,train,0
0491-KAPQG,train,0
1925-LFCZZ,train,0
8039-EQPIM,train,0
6900-PXRMS,train,1
8707-RMEZH,train,0
3346-BRMIS,train,1
3209-ZPKFI,train,0
6479-VDGRK,train,0
9373-WSLOY,train,0
2933-FILNV,train,1
3569-JFODW,train,0
9819-FBNSV,test,0
9544-PYPSJ,test,0
1591-XWLGB,train,0
0396-UKGAI,train,0
3243-ZHOHY,train,0
5186-EJEGL,test,0
7527-QNRUS,train,0
9986-BONCE,test,1
2722-JMONI,train,1
2203-GHNWN,test,0
3878-AVSOQ,train,0
3258-SYSWS,train,0
5296-PSYVW,train,0
6319-QSUSR,train,0
4083-EUGRJ,train,1
7579-OOPEC,test,1
0512-FLFDW,train,0
1771-OADNZ,train,1
0487-CRLZF,train,0
2107-FBPTK,train,0
9451-WLYRI,train,0
8219-VYBVI,test,0
1991-VOPLL,train,0
9738-QLWTP,train,0
1016-DJTSV,test,0
9419-IPPBE,train,0
0174-QRVVY,test,0
5699-BNCAS,train,0
2900-PHPLN,train,0
0612-RTZZA,train,1
8106-GWQOK,train,0
8751-EDEKA,train,0
6878-GGDWG,train,0
4039-PIMHX,test,0
8450-LUGUK,train,0
3604-WLABM,test,0
0795-GMVQO,train,0
2259-OUUSZ,train,0
1142-IHLOO,train,0
6410-LEFEN,train,1
4633-MKHYU,train,0
6257-RJOHI,test,0
1545-JFUML,test,0
3194-ORPIK,train,1
7826-VVKWT,train,0
1353-GHZOS,train,0
2587-EKXTS,test,0
5442-BXVND,test,0
8816-VXNZD,train,1
9378-FXTIZ,test,1
1723-HKXJQ,train,1
7825-GKXMW,train,1
9753-OYLBX,train,0
2364-UFROM,train,0
6656-JWRQX,train,0
6473-ULUHT,test,0
1240-KNSEZ,test,1
0836-SEYLU,train,1
4433-JCGCG,train,1
3716-BDVDB,test,1
7688-AWMDX,train,0
2842-BCQGE,train,0
7244-QWYHG,train,0
5899-MQZZL,train,1
6849-OYAMU,train,1
5312-UXESG,train,0
9488-HGMJH,train,1
6038-GCYEC,train,1
2150-WLKUW,train,0
7159-FVYPK,train,0
7032-LMBHI,test,0
1150-WFARN,test,1
6088-BXMRG,train,0
3144-AUDBS,train,1
4821-SJHJV,train,0
7346-MEDWM,train,0
1137-DGOWI,train,0
5616-PRTNT,train,1
3812-LRZIR,test,0
4818-QIUFN,test,1
9483-GCPWE,test,0
4227-OJHAL,test,0
9220-CXRSC,train,0
4993-JCRGJ,test,0
9537-JALFH,test,0
6698-OXETB,test,0
2103-ZRXFN,train,0
3724-BSCVH,train,0
4877-TSOFF,test,0
9209-NWPGU,test,0
6961-VCPMC,train,1
7306-YDSOI,train,0
5288-AHOUP,train,0
6688-UZPWD,train,1
0655-YDGFJ,train,0
8468-EHYJA,train,0
6823-SIDFQ,test,0
1097-FSPVW,test,0
2839-RFSQE,test,1
8328-SKJNO,train,0
7010-ZMVBF,test,0
5201-CBWYG,train,0
0968-GSIKN,train,1
1965-DDBWU,test,1
9057-SIHCH,test,1
6352-GIGGQ,train,0
3635-QQRQD,train,0
6771-XWBDM,train,1
2897-DOVND,train,0
3082-YVEKW,train,0
0191-EQUUH,train,0
7134-HBPBS,train,0
3489-HHPFY,train,0
2926-JEJJC,test,0
8601-QACRS,test,1
4950-BDEUX,train,0
5789-LDFXO,train,0
0508-OOLTO,train,0
2984-TBYKU,train,0
9822-WMWVG,test,0
2391-SOORI,test,1
9040-KZVWO,test,0
2645-QTLMB,train,1
4806-HIPDW,train,1
1548-ARAGG,train,0
6339-RZCBJ,train,0
4424-TKOPW,train,1
4415-WNGVR,train,0
2522-AHJXR,test,0
0412-UCCNP,train,0
1816-FLZDK,test,0
7096-UCLNH,train,0
8443-ZRDBZ,test,1
9136-ALYBR,train,1
4615-PIVVU,train,0
8885-QSQBX,train,0
7479-NITWS,train,1
8617-ENBDS,train,0
9385-NXKDA,test,0
0430-IHCDJ,test,0
2959-MJHIC,test,1
6674-KVJHG,train,0
1814-DKOLC,train,0
4201-JMNGR,train,1
9351-HXDMR,test,0
3537-HPKQT,train,0
2129-ALKBS,test,0
5821-MMEIL,train,0
5960-WPXQM,train,1
0684-AOSIH,train,1
8260-NGFNY,train,1
1309-XGFSN,train,0
1866-RZZQS,train,1
6968-URWQU,test,0
4742-TXUEX,test,0
9631-XEYKE,train,0
8631-NBHFZ,train,1
1335-MXCSE,train,0
8873-TMKGR,test,0
8800-JOOCF,train,0
1469-LBJQJ,train,0
4958-XCBDQ,train,1
8337-UPOAQ,train,1
0064-YIJGF,train,0
2386-OWURY,test,0
1725-IQNIY,train,1
0310-VQXAM,train,0
6598-RFFVI,test,1
3453-RTHJQ,train,0
6712-OAWRH,test,1
6278-FEPBZ,train,0
4280-DLSHD,train,0
1508-DFXCU,train,0
8614-VGMMV,train,1
7868-BGSZA,train,0
2800-QQUSO,test,0
2930-UOTMB,test,1
7973-DZRKH,train,0
5914-DVBWJ,train,1
7698-YFGEZ,train,0
2533-QVMSK,test,1
9773-PEQBZ,train,0
8644-XLFBW,train,1
0650-BWOZN,train,0
8625-AZYZY,train,1
7785-RDVIG,train,0
9602-WCXPI,train,0
2903-YYTBW,train,0
3620-MWJNE,train,0
8573-JGCZW,test,0
6837-HAEVO,train,0
6701-YVNQG,test,0
9306-CPCBC,train,1
4304-XUMGI,train,0
9504-YAZWB,train,0
8819-ZBYNA,test,0
6174-NRBTZ,train,0
9481-IEBZY,train,0
1833-VGRUM,train,1
6137-NICCO,test,0
9065-ZCPQX,train,0
6402-EJMWF,test,0
3620-EHIMZ,train,0
3213-VVOLG,train,0
6870-ECSHE,train,0
8747-UDCOI,train,0
8374-XGEJJ,train,1
2656-TABEH,train,1
6946-LMSQS,test,1
4626-OZDTJ,train,0
9169-BSVIN,train,0
2325-ZUSFD,test,1
8194-PEEBY,train,0
6872-HXFNF,test,0
3932-CMDTD,test,1
7714-YXSMB,train,0
8387-UGUSU,train,0
1080-BWSYE,train,0
4039-HEUNW,train,1
1194-HVAIF,train,0
0812-WUPTB,train,1
3594-UVONA,test,1
0004-TLHLJ,test,1
1767-TGTKO,train,0
8439-LTUGF,train,0
8805-JNRAZ,test,0
5089-IFSDP,train,1
6418-HNFED,test,0
0206-OYVOC,train,0
7291-CDTMJ,train,0
7128-GGCNO,train,0
0237-YFUTL,train,0
7691-KGKGP,train,0
6710-HSJRD,test,0
3675-EQOZA,test,0
0840-DCNZE,train,0
1732-FEKLD,train,0
9862-KJTYK,train,0
0479-HMSWA,train,0
5854-KSRBJ,train,0
0365-BZUWY,train,0
4817-VYYWS,test,1
5701-SVCWR,train,0
3129-AAQOU,train,0
4922-CVPDX,train,0
1396-QWFBJ,train,1
1357-BIJKI,test,0
1099-BTKWT,train,0
5299-SJCZT,train,1
2018-PZKMU,train,0
7340-KEFQE,train,0
4570-QHXHL,test,0
2403-BCASL,train,1
7392-YYPYJ,train,0
2898-LSJGD,train,1
2223-GDSHL,train,0
7359-PTSXY,train,1
9470-RTWDV,train,0
2176-OSJUV,train,0
9348-YVOMK,train,0
8104-OSKWT,train,0
4521-YEEHE,train,0
4090-KPJIP,test,0
3786-WOVKF,train,0
4503-BDXBD,train,1
6086-ESGRL,train,1
2592-HODOV,train,0
3886-CERTZ,train,1
7995-ZHHNZ,train,0
3824-RHKVR,train,0
5816-SCGFC,train,0
5989-AXPUC,train,0
4979-HPRFL,train,0
8590-OHDIW,test,0
8015-IHCGW,test,0
2332-TODQS,test,0
9278-VZKCD,test,0
8008-OTEZX,train,0
2773-OVBPK,train,0
5999-LCXAO,train,0
5206-XZZQI,train,0
4803-LBYPN,train,0
5759-RCVCB,test,1
6372-RFVNS,test,1
2139-FQHLM,test,0
8261-GWDBQ,train,0
1093-YSWCA,train,0
8938-UMKPI,test,1
0991-BRRFB,train,1
3882-IYOIJ,train,0
8749-TZYEC,train,0
1755-FZQEC,train,0
3115-JPJDD,train,0
5600-KTXFM,train,0
3871-IKPYH,train,1
6319-IEJWJ,test,1
9025-AOMKI,train,1
6339-TBELP,train,0
7964-YESJC,train,0
6173-GOLSU,test,0
5275-SQEIZ,train,1
7716-YTYHG,train,1
9938-ZREHM,train,0
7950-XWOVN,train,0
4390-KYULV,train,1
4647-MUZON,test,0
9702-AIUJO,train,0
8849-PRIQJ,train,0
8851-RAGOV,train,0
1304-NECVQ,train,1
5396-IZEPB,train,0
1729-VLAZJ,test,0
8285-ABVLB,train,0
0701-TJSEF,test,0
5712-VBOXD,train,0
6629-LADHQ,train,0
8945-GRKHX,train,1
1559-DTODC,test,0
4797-MIWUM,train,0
6959-UWKHF,train,1
8720-RQSBJ,train,0
4537-CIBHB,test,0
3815-SLMEF,train,1
5154-VEKBL,train,1
4324-AHJKS,train,0
4355-CVPVS,train,0
4495-LHSSK,train,0
5655-JSMZM,train,1
5915-ANOEI,train,0
9861-PDSZP,train,0
4505-EXZHB,train,1
7225-CBZPL,train,0
6704-UTUKK,test,0
4587-VVTOX,test,1
2019-HDCZY,test,0
4652-NNHNY,train,1
8788-DOXSU,train,0
7404-JLKQG,test,0
7421-ZLUPA,train,0
8972-HJWNV,train,1
3274-NSDWE,train,0
2632-IVXVF,train,0
3692-JHONH,train,0
8915-NNTRC,test,0
5914-GXMDA,train,0
7463-IFMQU,train,0
2920-RNCEZ,train,0
2541-YGPKE,test,0
8515-OCTJS,train,1
5382-TEMLV,train,0
3441-CGZJH,train,0
9592-ERDKV,train,0
2860-RANUS,test,1
5261-QSHQM,train,1
4778-IZARL,train,0
0432-CAJZV,test,0
7008-LZVOZ,train,0
8868-WOZGU,train,1
1200-TUZHR,train,0
9365-CSLBQ,test,0
1334-FJSVR,train,1
5884-FBCTL,train,0
7130-CTCUS,test,0
6242-FEGFD,train,0
7625-XCQRH,train,1
6194-HBGQN,test,0
7634-WSWDB,train,0
6986-IXNDM,train,0
1731-TVIUK,test,1
2987-BJXIK,test,0
9769-TSBZE,train,0
0406-BPDVR,train,1
0618-XWMSS,train,1
1395-WSWXR,train,0
6023-GSSXW,train,0
6752-APNJL,train,0
5276-KQWHG,train,1
0420-HLGXF,train,0
7446-KQISO,train,0
9823-EALYC,train,0
0582-AVCLN,train,0
5803-NQJZO,test,0
2565-JSLRY,train,1
2607-DHDAK,train,0
1073-XXCZD,train,0
0743-HRVFF,test,0
4006-HKYHO,train,0
3727-JEZTU,train,0
8143-ETQTI,train,0
6689-KXGBO,train,1
9667-TKTVZ,train,0
3657-COGMW,train,0
8570-KLJYJ,test,0
7754-IXRMC,train,0
9473-CBZOP,test,0
2969-WGHQO,test,0
6615-NGGZJ,train,1
4334-HOWRP,train,0
4255-DDUOU,train,1
5863-OOKCL,test,0
1686-STUHN,train,0
1329-VHWNP,train,0
2984-MIIZL,train,1
0266-GMEAO,train,0
5590-YRFJT,train,1
5574-NXZIU,test,0
0019-GFNTW,train,0
4256-ZWTZI,test,0
8309-PPCED,train,0
4098-NAUKP,train,0
5196-WPYOW,train,0
4608-LCIMN,train,0
1485-YDHMM,train,0
4054-CUMIA,train,0
0603-TPMIB,train,0
2525-GVKQU,test,0
8161-QYMTT,test,0
9581-GVBXT,train,0
5862-BRIXZ,train,0
5404-GGUKR,train,0
3308-JSGML,train,0
2126-GSEGL,train,0
3677-TNKIO,train,1
0440-QEXBZ,test,0
2434-EEVDB,train,0
6762-QVYJO,train,0
6199-IWKGC,train,0
2675-DHUTR,train,0
8152-VETUR,train,0
9667-EQRXU,train,1
7446-YPODE,train,0
9522-BNTHX,train,0
4676-WLUHT,train,0
3329-WDIOK,train,1
7980-MHFLQ,train,0
2873-ZLIWT,train,1
3415-TAILE,train,1
0757-WCUUZ,train,0
1629-DQQVB,test,0
1915-IOFGU,train,1
3045-XETSH,train,1
0374-AACSZ,train,0
7239-HZZCX,test,1
4872-VXRIL,train,0
9140-CZQZZ,train,0
3423-HHXAO,train,0
9938-TKDGL,train,0
0531-ZZJWQ,test,0
6537-QLGEX,train,0
2688-BHGOG,train,0
7683-CBDKJ,train,1
0946-CLJTI,train,1
3160-TYXLT,train,0
1325-USMEC,train,0
0916-QOFDP,train,0
0628-CNQRM,test,1
5606-AMZBO,test,0
6199-IPCAO,train,0
7665-TOALD,train,1
0112-QWPNC,train,1
0324-BRPCJ,train,1
2777-PHDEI,train,1
5640-CAXOA,train,0
2235-EZAIK,train,0
3847-BAERP,test,0
1196-AMORA,train,1
4282-YMKNA,train,1
1453-RZFON,train,0
8263-OKETD,train,0
0670-KDOMA,train,0
2476-YGEFM,train,0
8687-BAFGU,train,0
0641-EVBOJ,train,0
0829-XXPLX,train,0
9974-JFBHQ,train,0
5356-RHIPP,train,1
6624-JDRDS,train,0
0608-JDVEC,test,0
9780-FKVVF,train,0
1919-RTPQD,train,0
5214-NLTIT,train,0
3345-PBBFH,train,0
5055-BRMNE,train,0
9189-JWSHV,train,1
2190-PHBHR,train,0
2650-GYRYL,train,0
0746-JTRFU,train,1
5208-FVQKB,train,0
7184-LRUUR,train,0
6627-CFOSN,train,0
3982-JGSFD,test,0
1574-DYCWE,test,0
7247-XOZPB,train,0
2466-FCCPT,train,0
6211-WWLTF,train,0
4826-TZEVA,train,0
6016-NXBNJ,train,0
9138-EFSMO,test,0
0576-WNXXC,test,1
4632-XJMEX,train,0
8910-LEDAG,train,0
3452-GWUIN,train,0
2716-GFZOR,train,0
3724-UCSHY,train,0
8626-XHBIE,train,0
4628-CTTLA,train,1
3192-LNKRK,train,0
4439-YRNVD,train,0
2876-VBBBL,train,1
6834-NXDCA,test,1
2208-UGTGR,train,0
3005-TYFRD,train,0
8670-MEFCP,train,0
3079-BCHLN,train,0
7777-UNYHB,train,0
5597-GLBUC,train,1
7278-CKDNC,test,0
2748-MYRVK,test,1
8450-UYIBU,train,0
2969-VAPYH,train,0
4822-YCXMX,train,1
7181-OQCUT,test,0
8474-UMLNT,train,0
9821-POOTN,train,1
3836-FZSDJ,test,0
9142-XMYJH,test,0
6559-ILWKJ,train,1
0187-QSXOE,train,0
7733-UDMTP,test,0
2649-HWLYB,test,0
5214-CHIWJ,train,0
4229-CZMLL,test,1
6904-JLBGY,train,0
2465-BLLEU,train,0
1685-VAYJF,train,0
8874-EJNSR,train,0
6917-YACBP,train,0
5049-MUBWG,test,0
4223-WOZCM,test,0
0769-MURVM,test,0
9253-VIFJQ,train,0
7030-FZTFM,train,0
9741-YLNTD,test,0
5917-RYRMG,test,0
5120-ZBLAI,train,0
1194-BHJYC,train,0
3663-MITLP,train,1
0906-QVPMS,train,0
9025-ZRPVR,test,1
1905-OEILC,train,0
7858-GTZSP,train,0
3285-UCQVC,train,1
6248-BSHKG,test,0
4685-TFLLS,train,0
3470-BTGQO,train,0
1209-VFFOC,train,0
8224-DWCKX,train,0
5482-PLVPE,train,1
4553-DVPZG,train,0
4902-OHLSK,train,1
6917-IAYHD,train,0
0495-ZBNGW,train,1
8620-RJPZN,test,0
7572-KPVKK,test,0
2642-MAWLJ,train,0
2357-COQEK,train,1
7103-ZGVNT,train,0
3737-GCSPV,train,1
2027-WKXMW,train,0
7137-NAXML,train,0
2428-ZMCTB,test,0
2961-VNFKL,train,0
1768-HNVGJ,train,0
6963-KQYQB,train,0
5934-RMPOV,train,0
1207-BLKSA,train,0
4088-YLDSU,train,1
8316-BBQAY,train,0
1166-PQLGG,test,0
3146-JTQHR,train,0
4291-YZODP,train,0
4395-PZMSN,train,0
6427-FEFIG,train,0
0017-IUDMW,test,0
8706-HRADD,train,0
9955-QOPOY,train,0
4385-ZKVNW,train,0
5446-DKWYW,test,0
2034-CGRHZ,train,1
5797-APWZC,train,1
3683-QKIUE,train,1
4228-ZGYUW,train,1
9031-ZVQPT,train,0
2990-IAJSV,test,0
8107-KNCIM,train,0
9027-YFHQJ,train,0
5176-LDKUH,train,0
4644-OBGFZ,train,0
7926-IJOOU,train,0
6480-YAGIY,train,0
4029-HPFVY,test,0
7602-DBTOU,test,0
5345-BMKWB,train,0
3519-ZKXGG,test,1
5457-COLHT,test,0
6416-TVAIH,train,1
5451-YHYPW,train,0
5108-ADXWO,train,1
7998-WNZEM,test,0
3066-RRJIO,train,1
4664-NJCMS,train,0
0307-BCOPK,test,0
7629-WFGLW,train,0
2542-HYGIQ,train,0
6715-OFDBP,train,1
5016-LIPDW,train,0
6481-LXPWL,train,0
1567-DSCIC,train,1
2150-UWTFY,train,1
6124-ACRHJ,train,0
9362-MWODR,train,0
9975-GPKZU,train,0
9625-RZFUK,train,0
5153-LXKDT,train,0
5161-UBZXI,train,0
1020-JPQOW,train,0
7919-ZODZZ,test,0
0565-JUPYD,train,0
6867-ACCZI,train,0
5939-XAIXZ,train,0
9054-FOWNV,test,0
2683-BPJSO,train,1
2157-MXBJS,train,1
8207-VVMYB,test,0
9732-EQMWY,train,0
9360-AHGNL,train,1
1087-UDSIH,test,1
5269-NRGDP,train,0
6195-MELTI,train,0
5485-WUYWF,train,1
2121-JAFOM,train,0
8818-DOPVL,test,0
2632-UCGVD,train,1
5445-PZWGX,test,1
1227-UDMZR,test,0
5198-HQAEN,train,0
9170-CCKOU,train,1
2167-FQSTQ,train,0
2819-GWENI,train,0
1043-YCUTE,train,1
3814-MLAXC,train,1
3572-UUHRS,train,0
2692-PFYTJ,test,0
1226-UDFZR,train,1
5955-EPOAZ,train,0
6821-JPCDC,train,0
8815-LMFLX,train,0
9135-HSWOC,test,0
8582-KRHPJ,test,0
5811-IWXYM,train,0
7044-YAACC,train,0
8189-XRIKE,train,0
1506-YJTYT,train,0
4123-DVHPH,train,0
6425-YQLLO,train,1
5442-UTCVD,train,1
2228-BZDEE,train,0
7734-DBOAI,train,1
2789-CZANW,train,0
2091-RFFBA,train,1
2114-MGINA,train,1
7596-LDUXP,train,0
3740-RLMVT,train,0
4489-SNOJF,test,1
2192-OZITF,train,0
5651-CPDND,train,0
2186-QZEYA,train,0
1131-ALZWV,test,0
7729-XBTWX,test,0
9134-WYRVP,train,0
3284-SVCRO,train,0
9732-OUYRN,train,0
0559-CKHUS,test,0
2931-SVLTV,train,0
6899-PPEEA,test,1
7504-UWHNB,test,0
2582-FFFZR,train,0
8908-NMQTX,train,0
2187-LZGPL,train,1
1431-AIDJQ,train,0
6288-LBEAR,train,0
4597-NUCQV,train,1
9019-QVLZD,train,1
8413-YNHNV,train,0
5808-TOTXO,test,0
4369-NYSCF,train,0
6333-YDVLT,train,0
5324-KTGCG,test,0
5599-HVLTW,train,0
7394-LWLYN,train,0
3707-LRWZD,train,1
6873-UDNLD,train,0
2700-LUEVA,test,0
1455-ESIQH,train,1
0958-YHXGP,test,0
1101-SSWAG,train,0
2979-SXESE,train,1
4013-TLDHQ,train,1
5743-KHMNA,train,0
4194-FJARJ,train,0
5325-UWTWJ,train,0
3969-GYXEL,train,0
9208-OLGAQ,train,0
3244-CQPHU,train,0
2674-MLXMN,train,0
9708-HPXWZ,train,0
6992-TKNYO,train,0
4468-YDOVK,test,0
3754-DXMRT,train,1
5792-JALQC,train,0
7130-VTEWQ,test,1
2200-DSAAL,train,0
4302-ZYFEL,test,0
9351-LZYGF,train,0
4366-CTOUZ,train,0
6121-VZNQB,train,1
7903-CMPEY,train,1
1518-OMDIK,train,0
6671-NGWON,train,0
0595-ITUDF,train,0
6996-KNSML,train,1
1955-IBMMB,train,0
0096-BXERS,test,0
3806-YAZOV,train,0
7998-ZLXWN,train,0
6253-WRFHY,train,0
9133-AYJZG,train,0
2675-OTVVJ,train,0
8680-CGLTP,train,0
8430-TWCBX,test,0
5018-GWURO,train,0
6741-QRLUP,train,0
4737-HOBAX,test,0
0537-QYZZN,train,0
3340-QBBFM,train,0
1704-NRWYE,train,1
2592-SEIFQ,train,1
8200-KLNYW,train,0
3372-CDXFJ,train,0
4781-ZXYGU,train,0
7632-YUTXB,test,0
2718-YSKCS,train,0
9896-UYMIE,train,0
0853-NWIFK,train,0
8212-CRQXP,train,0
6980-CDGFC,train,0
7691-XVTZH,test,0
2520-SGTTA,train,0
7481-ATQQS,train,1
2277-VWCNI,test,0
1088-CNNKB,train,0
8642-GVWRF,train,1
1930-BZLHI,train,0
3400-ESFUW,test,1
5868-YTYKS,train,0
3525-DVKFN,train,0
1482-OXZSY,train,0
0377-JBKKT,test,0
5778-BVOFB,train,0
3373-YZZYM,train,0
2057-ZBLPD,test,1
0228-MAUWC,train,0
5502-RLUYV,train,1
0023-HGHWL,train,1
7663-YJHSN,train,0
4915-BFSXL,train,0
3086-RUCRN,train,0
5215-LNLDJ,train,0
7576-JMYWV,train,0
9039-RBEEE,test,1
0257-KXZGU,test,0
1307-ATKGB,train,0
8417-FMLZI,train,1
3714-XPXBW,train,0
1850-AKQEP,train,0
2824-DXNKN,test,0
5227-JSCFE,train,0
0848-ZGQIJ,train,0
3621-CHYVB,train,0
8042-RNLKO,train,0
1792-UXAFY,train,1
5372-FBKBN,train,0
0420-TXVSG,test,0
6217-TOWGS,train,0
0515-YPMCW,train,1
0378-XSZPU,train,1
1045-LTCYT,train,0
1544-JJMYL,train,0
4636-JGAAI,train,0
6874-SGLHU,test,0
5951-AOFIH,test,0
4729-XKASR,train,1
3059-NGMXB,train,0
8652-YHIYU,train,0
5278-PNYOX,train,0
5449-FIBXJ,train,1
3486-HOOGQ,train,0
5061-PBXFW,test,0
8630-FJLIB,train,0
3891-NLXJB,train,0
4749-OJKQU,train,0
0577-WHMEV,train,0
5453-AXEPF,train,0
3639-XJHKQ,test,0
3716-LRGXK,train,0
2263-SFSQZ,test,0
9950-MTGYX,test,0
3397-AVTKU,train,0
4825-FUREZ,test,0
9837-BMCLM,train,1
2672-OJQZP,test,0
0137-UDEUO,train,1
3134-DSHVC,train,0
6161-UUUTA,train,1
7821-DPRQE,train,0
6543-XRMYR,test,1
2001-EWBQU,test,0
4925-LMHOK,train,1
1608-GMEWB,train,0
6695-AMZUF,train,0
1455-UGQVH,train,1
8410-BGQXN,train,0
8280-MQRQN,test,1
1619-YWUBB,train,0
7611-YKYTC,train,0
2037-SGXHH,train,1
3178-FESZO,train,1
0365-GXEZS,test,0
0082-OQIQY,test,0
6087-MVHJH,train,1
4603-JANFB,train,1
3018-TFTSU,test,1
3606-SBKRY,train,0
4806-KEXQR,test,1
0667-NSRGI,train,0
7083-YNSKY,train,1
6893-ODYYE,train,0
8242-JSVBO,train,0
2479-BRAMR,train,1
9541-ZPSEA,train,0
2665-NPTGL,test,0
1139-WUOAH,test,0
4693-VWVBO,test,0
7434-SHXLS,train,1
6937-GCDGQ,train,0
0988-JRWWP,test,0
5075-JSDKI,train,0
7908-QCBCA,train,1
8644-XYTSV,train,0
6711-FLDFB,train,1
3873-WOSBC,train,0
7465-ZZRVX,train,0
7975-JMZNT,train,0
7251-XFOIL,test,0
4116-IQRFR,train,0
3714-JTVOV,train,1
8259-DZLIZ,train,0
0442-ZXKVS,train,0
7853-WNZSY,test,0
3120-FAZKD,train,0
8606-OEGQZ,train,0
0225-ZORZP,train,0
4702-IOQDC,train,1
9489-JMTTN,train,0
0575-CUQOV,train,0
0967-BMLBD,train,0
6178-KFNHS,train,1
2830-LEWOA,train,0
5006-MXVRN,train,0
1264-BYWMS,train,1
9658-WYUFB,train,1
8327-WKMIE,train,0
6917-FIJHC,test,0
5329-KRDTM,test,0
7797-EJMDP,train,0
3530-VWVGU,test,0
2013-SGDXK,train,1
6368-NWMCE,train,0
3633-CDBUW,train,0
0707-HOVVN,test,0
8580-QVLOC,test,1
3956-MGXOG,train,0
9274-UARKJ,train,0
4077-HWUYD,train,0
2012-NWRPA,train,1
8808-ELEHO,train,1
0103-CSITQ,train,0
3506-LCJDC,train,1
8671-KKKOS,test,0
7305-ZWMAJ,train,0
9518-XXBXE,train,0
3934-HXCFZ,train,1
6578-KRMAW,train,0
4860-IJUDE,train,0
7666-WKRON,test,1
9688-YGXVR,train,0
0423-UDIJQ,train,0
1945-XISKS,test,0
4910-AQFFX,train,1
2154-KVJFF,train,1
5360-LJCNJ,test,0
2607-FBDFF,train,0
9647-ERGBE,train,1
3428-XZMAZ,train,1
1100-DDVRV,test,0
0378-TOVMS,train,1
4355-HBJHH,train,1
6728-WYQBC,train,0
9058-CBREO,train,1
9029-FEGVJ,train,0
7216-KAOID,test,0
0318-QUUOB,train,1
6145-NNPNO,train,0
5520-FVEWJ,train,1
5339-TJFEK,train,0
5572-ZDXHY,train,1
2074-GUHPQ,train,0
4625-XMOYM,train,0
5827-MWCZK,train,0
1385-TQOZW,test,0
5914-XRFQB,train,0
4329-YPDDQ,test,0
4804-NCPET,train,0
3750-CKVKH,test,1
5944-UGLLK,train,0
8063-GBATB,train,1
7787-BNTZM,train,0
2252-ISRNH,train,0
9415-TPKRV,train,0
5322-TEUJK,train,0
4547-KQRTM,train,1
4877-EVATK,train,1
1866-DIOQZ,train,0
8375-KVTHK,train,0
2697-NQBPF,train,0
3709-OIJEA,train,0
7639-SUPCW,train,1
1386-ZIKUV,test,0
0599-XNYDO,test,0
6377-WHAOX,test,0
6855-VLGOS,train,0
8999-XXGNS,train,0
8746-OQQRW,train,0
3181-MIZBN,test,0
0471-ARVMX,test,0
7766-CLTIC,train,0
5650-YLIBA,test,0
0825-CPPQH,train,0
9084-OAYKL,train,0
6122-LJADA,train,0
2400-XIWIO,train,0
7524-VRLPL,train,0
1069-XAIEM,test,1
7569-NMZYQ,train,0
5201-USSQZ,train,0
2105-PHWON,train,0
1494-EJZDW,test,0
4884-TVUQF,train,0
8003-EWNDZ,train,0
1897-RCFUM,train,0
9256-JTBNZ,test,0
4658-HCOHW,test,1
2211-RMNHO,train,0
2432-TFSMK,test,0
3440-JPSCL,train,1
4929-ROART,train,0
1834-ABKHQ,train,0
1741-WTPON,test,0
3932-IJWDZ,train,0
1240-HCBOH,train,0
3594-KADLU,test,0
8065-BVEPF,train,0
3796-ENZGF,train,0
1734-ZMNTZ,train,0
2853-CWQFQ,train,0
0813-TAXXS,train,0
2519-TWKFS,train,0
2889-FPWRM,train,1
0626-QXNGV,train,0
6723-CEGQI,train,0
6987-XQSJT,train,1
4732-RRJZC,train,0
9499-XPZXM,train,0
4338-EYCER,train,0
3007-FDPEA,train,0
6350-XFYGW,train,0
4290-BSXUX,train,1
8513-OLYGY,train,0
0311-QYWSS,train,0
8705-DWKTI,train,0
8755-IWJHN,train,0
0325-XBFAC,train,1
4480-QQRHC,train,0
0929-PECLO,train,0
3680-CTHUH,test,0
1202-KKGFU,train,0
6112-KTHFQ,test,0
1852-XEMDW,test,0
2462-XIIJB,train,1
4760-XOHVN,train,1
1820-DJFPH,test,0
9426-SXNHE,train,0
9068-FHQHD,train,0
1269-FOYWN,train,0
9470-YFUYI,train,0
7817-BOQPW,test,1
7402-EYFXX,train,0
1853-UDXBW,test,1
9895-VFOXH,train,0
5458-CQJTA,train,1
1230-QAJDW,train,0
5701-ZIKJE,train,0
5219-YIPTK,train,1
5032-MIYKT,train,0
7396-VJUZB,train,0
9717-QEBGU,test,0
5172-RKOCB,train,0
6509-TSGWN,train,0
3540-RZJYU,test,1
3178-CIFOT,train,0
2091-MJTFX,test,1
4530-NDRKU,test,0
5985-TBABQ,train,0
9800-ONTFE,train,0
6743-HHQPF,train,0
8455-HIRAQ,test,0
6616-AALSR,train,0
0883-EIBTI,train,1
9415-ZNBSX,train,0
4018-KJYUY,train,0
0722-TROQR,train,1
7571-YXDAD,test,1
3884-UEBXB,test,0
8780-RSYYU,test,0
5537-UXXVS,test,0
1791-PQHBB,train,0
8701-DGLVH,test,0
8741-LQOBK,test,0
3393-FMZPV,train,1
8082-GHXOP,train,0
6402-ZFPPI,train,1
0980-FEXWF,test,0
7486-KSRVI,train,1
3011-WQKSZ,test,0
8443-WVPSS,train,1
3006-XIMLN,test,1
8218-FFJDS,train,0
1986-PHGZF,train,0
9965-YOKZB,train,1
0504-HHAPI,train,1
9360-OMDZZ,train,0
6305-YLBMM,train,1
0345-XMMUG,train,0
8024-XNAFQ,test,0
3647-GMGDH,train,1
2988-GBIVW,train,0
2832-SCUCO,train,0
7036-ZZKBD,train,0
3791-LGQCY,train,1
0265-PSUAE,test,0
0463-TXOAK,test,0
0594-UFTUL,train,0
9509-MPYOD,train,0
9128-CPXKI,test,0
0129-KPTWJ,train,0
8166-ZZTFS,train,1
5855-EIBDE,train,0
5365-LLFYV,train,0
5956-YHHRX,train,0
6008-NAIXK,train,0
2956-GGUCQ,train,1
1928-BXYIV,train,0
5760-FXFVO,test,0
6595-COKXZ,train,1
0961-ZWLVI,train,0
5181-OABFK,test,0
4007-NHVHI,train,0
7816-VGHTO,test,0
5871-DGTXZ,train,0
7550-WIQVA,train,0
7544-ZVIKX,train,0
0016-QLJIS,train,0
7508-DQAKK,train,0
5176-OLSKT,train,0
9356-AXGMP,train,0
3556-BVQGL,train,0
0362-ZBZWJ,train,1
8979-CAMGB,train,0
4211-MMAZN,test,1
7581-EBBOU,test,0
4274-OWWYO,train,1
5073-RZGBK,train,0
1541-ETJZO,test,1
2192-CKRLV,train,0
3154-HMWUU,train,0
6119-SPUDB,test,0
6522-OIQSX,train,0
7813-ZGGAW,train,0
8748-HFWBO,train,0
1052-QJIBV,train,0
1319-YLZJG,test,0
4106-HADHQ,train,1
0723-FDLAY,train,0
3050-RLLXC,train,0
9298-WGMRW,test,0
2369-UAPKZ,train,1
3088-LHEFH,train,0
2778-OCLGR,test,1
6583-KQJLK,train,0
8544-JNBOX,train,0
6681-ZSEXG,test,0
6139-ZZRBQ,train,0
6116-RFVHN,train,0
0637-KVDLV,train,1
8884-FEEWR,train,0
3125-RAHBV,test,0
6633-MPWBS,train,1
0373-AIVNJ,test,0
8785-EPNCG,train,1
1682-VCOIO,train,0
5729-KLZAR,train,1
2072-ZVJJX,train,0
8849-AYPTR,test,0
9518-IMLHK,train,0
1582-RAFML,train,1
3646-ITDGM,test,0
8740-CRYFY,train,1
3569-VLDHH,train,0
8224-KDLKN,test,0
7594-LZNWR,train,0
4001-TSBTV,train,0
2962-XPMCQ,train,1
8727-XDPUD,test,0
1043-UXOVO,train,0
1064-FBXNK,train,0
3996-ZNWYK,train,0
2878-DHMIN,train,0
7762-ONLJY,test,0
1678-FYZOW,train,1
5795-BKOYE,train,0
8627-EHGIP,train,1
7402-PWYJJ,train,0
5480-TBGPH,train,1
0018-NYROU,train,0
7501-VTYLJ,train,0
7608-RGIRO,train,0
0480-BIXDE,train,0
5895-QSXOD,train,0
9814-AOUDH,test,0
6175-IRFIT,test,0
8760-ZRHKE,train,0
1622-HSHSF,test,0
8854-CCVSQ,train,1
6749-UTDVX,train,0
5542-DHSXL,train,0
9102-OXKFY,train,0
0511-JTEOY,train,1
5216-WASFJ,train,0
7808-DVWEP,train,0
7067-KSAZT,test,1
2284-VFLKH,train,0
0366-NQSHS,train,0
6532-YLWSI,train,1
3807-BPOMJ,train,0
3892-NXAZG,train,0
4948-WBBKL,train,0
4182-BGSIQ,train,0
9300-AGZNL,train,1
0988-AADSA,train,0
9972-NKTFD,test,0
3717-LNXKW,train,0
5734-EJKXG,train,0
2207-RYYRL,train,0
6729-FZWSY,train,0
9695-IDRZR,train,0
8144-DGHXP,train,0
7814-LEEVE,train,0
1112-CUNAO,test,1
5175-AOBHI,train,1
5174-RNGBH,train,1
8631-WUXGY,train,0
7270-BDIOA,train,1
9565-JSNFM,test,1
5906-DVAPM,train,0
6654-QGBZZ,test,0
8348-JLBUG,train,0
0607-DAAHE,train,1
5641-DMBFJ,train,0
9200-NLNPD,train,0
2664-XJZNO,train,0
9732-KPKBW,test,1
3339-EAQNV,test,0
0921-OHLVP,train,0
3389-YGYAI,train,1
9560-ARGQJ,train,1
8350-NYMVI,train,0
1600-DILPE,train,0
0536-ESJEP,train,0
4654-GGUII,train,0
6478-HRRCZ,train,0
8510-BBWMU,train,0
6857-TKDJV,train,0
2360-RDGRO,train,0
0584-BJQGZ,train,0
5134-IKDAY,train,1
1360-XFJMR,test,0
3070-DVEYC,train,1
5730-RIITO,train,0
9058-MJLZC,train,0
5707-ORNDZ,train,1
0902-XKXPN,train,0
5177-RVZNU,train,0
0056-EPFBG,test,0
8993-IZEUX,train,0
8696-JKZNU,test,1
5380-AFSSK,train,1
8190-ZTQFB,test,0
0931-MHTEM,train,0
2055-PDADH,train,1
7515-LODFU,test,0
0440-UEDAI,test,0
1337-BOZWO,train,0
0868-VJRDR,test,0
8714-EUHJO,test,1
6344-SFJVH,train,0
3950-VPYJB,train,0
8041-TMEID,train,0
7321-ZNSLA,train,0
6941-KXRRV,train,0
3721-CNEYS,test,1
8727-JQFHV,train,0
9475-NNDGC,train,0
1355-KUSBG,train,0
3688-FTHLT,train,0
0899-LIIBW,test,0
2568-OIADY,train,1
1384-RCUXW,train,0
5825-XJOCM,test,0
6848-YLDFR,test,0
8125-QPFJD,train,0
2320-YKQBO,train,0
1193-RTSLK,train,1
2302-ANTDP,train,1
5923-GXUOC,train,1
4973-RLZVI,test,0
7869-ZYDST,train,0
4501-UYKBC,test,0
1215-EXRMO,train,0
2305-MRGLV,train,0
8404-VIOMB,train,0
5233-GEEAX,train,1
2359-KLTEK,train,0
5304-EFJLP,train,0
2673-ZALNP,train,0
9184-GALIL,train,0
4393-RYCRE,train,0
9746-MDMBK,train,0
3162-ZJZFU,train,0
8404-GFGCZ,train,0
8875-AKBYH,train,0
4432-ADRLB,train,1
0533-UCAAU,train,0
1394-SUIUH,train,0
3521-MNKLV,train,0
2533-TIBIX,train,0
8993-PHFWD,test,1
1565-RHDJD,train,1
7137-RYLPP,train,1
3765-JXVKY,train,1
5092-STPKP,train,0
7330-WZLNC,train,1
0114-PEGZZ,train,0
3359-DSRKA,train,0
8639-NHQEI,train,0
7161-DFHUF,train,0
3957-LXOLK,train,1
3720-DBRWL,train,0
6635-MYYYZ,train,1
8565-WUXZU,train,0
5281-BUZGT,test,1
4994-OBRSZ,train,0
0562-FGDCR,test,0
2436-QBZFP,train,0
3420-YJLQT,train,0
6040-CGACY,train,0
6582-PLFUU,train,0
8242-PDSGJ,train,0
0264-CNITK,train,0
0089-IIQKO,train,0
7839-NUIAA,train,0
6075-QMNRR,test,0
5378-IKEEG,train,1
5966-EMAZU,test,0
0440-EKDCF,train,0
4774-HHGGS,train,0
2718-GAXQD,train,1
2055-BFOCC,train,0
8180-AKMJV,train,0
4298-OYIFC,train,0
5566-SOEZD,test,0
9842-EFSYY,test,0
2272-WUSPA,test,0
4584-LBNMK,train,0
3898-GUYTS,train,0
0930-EHUZA,train,0
6413-XKKPU,train,1
9975-SKRNR,train,0
3703-KBKZP,train,0
1449-XQEMT,train,1
2626-URJFX,train,1
4973-MGTON,train,0
3682-YEUWS,train,0
1223-UNPKS,train,0
2612-RRIDN,train,1
4735-ASGMA,test,1
3446-QDSZF,train,0
3669-LVWZB,train,1
6892-EZDTG,train,1
5117-IFGPS,train,0
7379-FNIUJ,train,0
1627-AFWVJ,train,0
9725-SCPZG,train,1
5884-GCYMI,train,1
3217-FZDMN,train,1
4486-EFAEB,train,0
0060-FUALY,train,0
7853-GVUDZ,train,1
7480-QNVZJ,train,1
6954-OOYZZ,train,0
7088-FBAWU,train,0
8313-AFGBW,train,0
3943-KDREE,train,1
9239-ZBZZV,train,1
3097-IDVPU,train,0
4398-HSCJH,train,1
2197-OMWGI,train,0
2303-PJYHN,train,0
9795-VOWON,train,0
1237-WIYYZ,train,0
1987-AUELQ,train,0
7852-LECYP,train,0
4430-UZIPO,train,1
4822-LPTYJ,train,0
8165-CBKXO,train,0
6527-PZFPV,test,0
4855-SNKMY,train,1
9593-CVZKR,train,0
8595-SIZNC,train,0
8008-HAWED,train,1
7124-UGSUR,test,1
1862-SKORY,train,1
5236-XMZJY,test,0
4827-DPADN,train,0
2694-CIUMO,test,0
5846-ABOBJ,train,0
1439-LCGVL,train,0
0909-SDHNU,train,0
4647-XXZAM,train,0
1502-XFCVR,train,1
7740-KKCXF,train,0
5360-XGYAZ,train,0
9692-TUSXH,test,1
7912-SYRQT,test,1
3557-HTYWR,train,0
4816-JBHOV,train,1
8920-NAVAY,train,0
1699-TLDLZ,train,0
5600-PDUJF,test,0
8292-TYSPY,train,1
0567-XRHCU,train,0
1867-BDVFH,test,1
2067-QYTCF,train,0
2359-QWQUL,train,1
9103-TCIHJ,test,1
7407-SUJIZ,train,0
9150-KPBJQ,train,0
0052-DCKON,train,0
3654-ARMGP,train,0
9699-UBQFS,train,0
9367-TCUYN,test,0
1261-FWTTE,test,0
3528-HFRIQ,train,0
0708-SJDIS,train,0
4140-WJAWW,train,1
2073-QBVBI,train,0
6928-ONTRW,train,0
3320-VEOYC,test,0
5231-FIQPA,train,0
6617-WLBQC,train,0
2599-CIPQE,train,0
6653-CBBOM,train,1
8774-GSBUN,train,0
7326-RIGQZ,train,0
1401-FTHFQ,train,0
3247-ZVOUO,train,1
0254-FNMCI,train,0
1848-LBZHY,test,0
6101-IMRMM,train,1
8118-TJAFG,train,0
5429-LWCMV,train,0
7298-IZWLY,train,0
9758-MFWGD,test,0
3955-JBZZM,train,0
1268-ASBGA,train,1
8943-URTMR,train,1
4815-TUMEQ,train,0
4713-LZDRV,test,1
9909-IDLEK,train,0
4092-OFQZS,train,0
1561-BWHIN,train,0
4325-NFSKC,train,1
9927-DSWDF,test,0
9500-LTVBP,train,0
7252-NTGSS,train,0
8149-AIQCG,train,0
1360-JYXKQ,test,0
2955-PSXOE,test,1
7762-URZQH,train,1
0899-WZRSD,train,0
3255-GRXMG,train,0
4828-FAZPK,train,0
6094-ZIVKX,train,0
6925-BAYGL,train,0
3262-EIDHV,train,0
7354-OIJLX,test,0
1376-HHBDV,train,0
6907-NZZIJ,train,1
6133-OZILE,train,0
4135-FRWKJ,train,0
2911-UREFD,train,1
3744-ZRRDZ,train,1
5673-TIYIB,train,1
6551-ZCOTS,train,0
7191-ADRGF,test,0
5018-LXQQG,test,0
6892-BOGQE,train,0
1602-IJQQE,train,1
4628-WQCQQ,train,1
1746-TGTWV,train,0
5995-SNNEW,train,0
8050-WYBND,train,0
2821-WARNZ,train,0
4879-GZLFH,train,0
1644-IRKSF,train,1
8314-HTWVE,test,0
9402-ROUMJ,test,0
2507-QZPQS,train,0
7159-NOKYQ,test,0
5707-ZMDJP,train,0
8779-YIQQA,test,0
7136-IHZJA,train,0
8966-OIQHG,train,0
7074-STDCN,train,0
3705-PSNGL,test,1
8739-QOTTN,train,0
1399-OUPJN,train,0
0277-BKSQP,train,0
6502-HCJTI,train,1
2606-RMDHZ,test,1
5774-XZTQC,train,0
2676-SSLTO,test,0
6266-QHOJZ,train,0
7269-JISCY,train,0
0363-SVHYR,train,0
8547-NSBBO,train,0
8258-GSTJK,test,1
6861-OKBCE,train,1
9940-RHLFB,test,1
6591-QGOYB,train,0
9070-BCKQP,test,0
6421-SZVEM,test,0
1328-EUZHC,train,0
2995-UPRYS,test,1
8878-RYUKI,train,0
9633-DENPU,test,0
7811-JIVPF,train,0
7113-HIPFI,train,0
8541-QVFKM,test,0
6686-YPGHK,train,1
1383-EZRWL,train,1
9258-CNWAC,train,0
5371-VYLSX,train,0
6374-AFWOX,test,0
4759-TRPLW,train,1
5317-FLPJF,train,0
7621-VPNET,train,0
6034-YMTOB,test,0
8563-IIOXK,train,1
4903-CNOZC,train,0
4353-HYOJD,test,0
8020-BWHYL,train,1
7267-FRMJW,train,0
2982-VPSGI,train,1
4188-FRABG,train,0
8199-ZLLSA,train,1
4128-ETESU,train,0
0620-DLSLK,train,0
4625-EWPTF,train,1
5980-NOPLP,train,1
3850-OKINF,train,0
6892-XPFPU,test,1
8010-EZLOU,train,1
1156-ZFYDO,train,0
3295-YVUSR,train,0
8016-NCFVO,train,0
4119-ZYPZY,train,0
5549-ZGHFB,train,0
7577-SWIFR,train,0
0303-WMMRN,train,0
6408-OTUBZ,train,0
5204-HMGYF,test,0
1078-TDCRN,train,0
3727-OVPRY,train,0
3797-FKOGQ,train,0
7622-NXQZR,train,0
6196-HBOBZ,train,0
3970-XGJDU,test,0
7017-VFULY,test,0
5562-YJQGT,train,0
8807-OPMBM,train,0
5439-WIKXB,train,0
9874-QLCLH,train,1
8294-UIMBA,train,0
8109-YUOHE,train,0
5840-NVDCG,train,0
8092-NLTGF,train,0
5928-QLDHB,train,0
9840-EFJQB,train,0
0696-UKTOX,train,0
4801-KFYKL,train,0
3472-OAOOR,train,0
6135-OZQVA,train,0
8062-YBDOE,train,1
2252-JHJGE,test,0
4188-PCPIG,train,0
6000-APYLU,test,1
7105-BENQF,train,0
7721-DVEKZ,train,0
3566-VVORZ,train,0
9507-HSMMZ,train,0
2480-SQIOB,test,0
0947-IDHRQ,train,1
7813-TKCVO,train,0
0128-MKWSG,train,0
3672-YITQD,test,1
4350-ZTLPI,train,0
9048-JVYVF,test,1
0361-HJRDX,train,0
5727-MYATE,test,0
3823-KYNQY,train,0
8988-ECPJR,test,1
7570-WELNY,train,0
3021-VLNRJ,train,0
3776-EKTKM,train,1
2080-CAZNM,train,0
1028-FFNJK,train,0
6907-FLBER,train,0
3001-UNBTL,train,0
5982-PSMKW,train,0
3507-GASNP,train,0
7096-ZNBZI,train,0
1902-XBTFB,test,1
1676-MQAOA,train,0
0786-IVLAW,train,0
7566-DSRLQ,train,0
0643-OKLRP,train,1
7245-JMTTQ,train,0
6050-IJRHS,train,0
6202-JVYEU,train,0
8591-TKMZH,test,0
0734-OXWBT,train,0
4282-ACRXS,train,0
0365-TRTPY,test,0
7349-ALMUX,train,0
9381-NDKME,test,1
6502-KUGLL,train,0
1841-YSJGV,train,0
2794-XIMMO,train,1
8382-SHQEH,train,1
3511-BFTJW,test,0
7668-XCFYV,train,0
2983-ZANRP,train,1
7845-URHJN,train,1
3034-ZBEQN,train,1
5018-HEKFO,train,0
2923-ARZLG,test,0
3976-NLDEZ,test,0
2282-YGNOR,train,0
5336-UFNZP,train,0
6854-EXGSF,test,0
1241-EZFMJ,train,0
9233-PSYHO,train,0
5376-PCKNB,train,0
8044-BGWPI,train,0
4060-LDNLU,train,0
3589-PPVKW,train,0
8327-LZKAS,train,1
5887-IKKYO,train,0
1075-BGWOH,train,1
1755-RMCXH,train,0
0302-JOIVN,train,1
3858-XHYJO,test,0
4299-SIMNS,train,0
7025-IWFHT,train,0
6261-LHRTG,train,0
7841-FCRQD,train,0
2056-EVGZL,train,0
8777-MBMTS,train,0
7753-USQYQ,train,0
5366-IJEQJ,train,1
7661-CPURM,train,0
6233-HXJMX,train,0
5902-WBLSE,train,0
1981-INRFU,train,1
4971-PUYQO,train,1
3239-TPHPZ,train,0
5115-GZDEL,train,0
3338-CVVEH,test,0
8485-GJCDN,train,1
2615-YVMYX,train,0
2851-STERV,train,0
4393-GEADV,train,0
8486-AYEQH,train,0
1527-SXDPN,train,1
6029-WTIPC,train,1
8634-CILSZ,train,1
5419-JKZNQ,train,0
2495-KZNFB,train,0
1409-PHXTF,train,0
4560-WQAQW,test,0
9591-YVTEB,train,0
9309-BZGNT,train,0
4274-DRSQT,train,0
2027-DNKIV,train,0
8075-GXIUB,train,0
2885-HIJDH,test,0
5424-RLQLC,train,0
6682-QJDGB,test,1
6507-DTJZV,train,0
8780-IXSTS,train,1
7673-BQGKU,train,0
6723-WSNTY,train,0
9530-EHPOH,train,1
2725-IWWBA,train,0
0345-HKJVM,train,1
1061-PNTHC,train,0
0394-YONDK,train,0
6574-MCOEH,train,0
7399-QHBJS,train,0
3049-SOLAY,train,1
0997-YTLNY,test,0
3317-HRTNN,train,1
9479-HYNYL,train,0
3235-ETOOB,train,1
9708-KFDBY,train,0
8058-INTPH,train,1
3642-GKTCT,train,0
0774-RMNUW,train,0
1334-PDUKM,train,0
0756-MPZRL,train,0
2242-MFOTG,train,0
2927-CVULT,train,0
2144-BFDSO,train,0
8745-PVESG,train,0
7647-GYYKX,train,0
5647-FXOTP,train,0
5569-OUICF,train,1
8821-XNHVZ,test,1
2082-OJVTK,train,1
9700-ISPUP,test,0
9839-ETQOE,train,0
6078-VESFR,train,0
9027-TMATR,train,0
5940-NFXKV,train,1
1941-HOSAM,train,0
9110-HSGTV,train,0
0704-VCUMB,train,0
6171-ZTVYB,train,0
8053-WWDRO,test,1
9564-KCLHR,train,1
1935-IMVBB,train,0
2535-PBCGC,train,0
2082-CEFLT,train,1
1470-PSXNM,test,0
1213-NGCUN,train,1
2498-XLDZR,train,0
9866-OCCKE,test,0
5338-YHWYT,train,0
7718-UPSKJ,train,0
8731-WBBMB,train,0
1448-CYWKC,train,0
7901-IIDQV,train,0
2690-DVRVK,train,0
5688-KZTSN,train,1
1270-XKUCC,train,0
0334-ZFJSR,train,0
2894-QOJRX,train,1
5747-PMBSQ,train,1
5583-EJXRD,train,0
4565-EVZMJ,train,0
3143-JQEGI,train,1
6386-SZZKH,train,1
3327-YBAKM,train,0
9441-QHEVC,train,0
6705-LNMDD,train,0
2580-ASVVY,train,0
3370-GQEAL,train,0
5032-USPKF,train,0
2982-IHMFT,train,1
3521-SYVOR,train,1
4254-QPEDE,train,0
6283-GITPX,test,0
9526-JAWYF,train,1
0771-CHWSK,train,0
9788-HNGUT,train,0
9495-REDIY,train,0
5375-XLDOF,train,0
1172-VIYBP,train,0
5649-VUKMC,train,1
6559-PDZLR,train,0
8992-OBVDG,train,0
4273-MBHYA,train,0
4724-WXVWF,test,0
5701-GUXDC,test,0
1460-UZPRJ,train,0
6082-GLJIX,train,0
5143-EGQFK,train,1
4919-IKATY,test,1
2495-TTHBQ,train,0
0485-ZBSLN,train,0
3810-PJUHR,train,0
9050-QLROH,test,1
0847-HGRML,train,0
8232-CTLKO,train,0
9227-YBAXE,train,0
6168-WFVVF,train,1
9860-LISIZ,test,0
0112-QAWRZ,train,0
0877-SDMBN,train,1
2786-GCDPI,train,0
4043-MKDTV,train,0
8065-YKXKD,train,1
9637-EIHEQ,train,1
9229-RQABD,train,0
8313-KTIHG,train,0
5320-BRKGK,train,0
6284-KMNUF,test,0
9689-PTNPG,train,1
9465-RWMXL,test,1
6229-UOLQL,train,0
2362-IBOOY,train,1
3137-LUPIX,train,0
0843-WTBXE,train,1
6143-JQKEA,train,0
8676-OOQEJ,train,0
5515-IDEJJ,train,1
9701-CDXHR,test,0
7450-NWRTR,train,1
8124-NZVGJ,train,0
2162-FRZAA,train,0
5376-DEQCP,test,1
5118-MUEYH,train,0
9095-HFAFX,train,1
5627-TVBPP,train,0
2379-ENZGV,train,1
3936-QQFLL,train,0
2589-AYCRP,train,0
4067-HLYQI,test,0
5124-EOGYE,train,0
5057-RKGLH,test,0
0292-WEGCH,train,0
8910-ICHIU,train,0
4097-YODCF,train,0
9715-WZCLW,test,0
9786-YWNHU,train,0
6407-GSJNL,train,0
6005-OBZPH,train,1
4049-ZPALD,train,0
7932-WPTDS,train,1
3733-UOCWF,test,0
6833-JMZYP,train,0
2722-VOJQL,train,1
1310-QRITU,test,0
8961-QDZZJ,train,0
9715-SBVSU,train,0
8490-BXHEO,train,0
7173-TETGO,train,0
7929-SKFGK,train,0
2300-RQGOI,train,0
3563-SVYLG,test,0
5228-EXCET,test,1
6435-VWCCY,train,0
4998-IKFSE,train,0
8630-QSGXK,train,0
2455-USLMV,train,0
7394-FKDNK,train,1
9488-FVZCC,train,0
6331-LWDTQ,test,1
5995-WWKKG,train,0
1597-FZREH,train,1
7879-CGSFV,test,0
9921-EZKBY,train,0
7432-FFVAR,train,0
7246-ZGQDF,train,0
7000-WCEVQ,train,1
0727-IWKVK,train,1
5959-BELXA,train,1
4456-RHSNB,train,0
3512-IZIKN,train,1
2481-SBOYW,train,0
7109-MFBYV,train,0
1833-TCXKK,test,0
1832-PEUTS,train,0
6141-OOXUQ,train,1
8660-BUETV,train,0
0580-PIQHM,train,0
5696-CEIQJ,test,0
7503-ZGUZJ,train,1
1696-HXOWK,train,0
3026-ATZYV,train,0
4012-YCFAI,test,0
2506-TNFCO,train,1
9970-QBCDA,train,0
8718-PTMEZ,train,1
9496-IVVRP,train,0
2207-OBZNX,train,1
2657-VPXTA,train,0
6551-VLJMV,train,0
1221-GHZEP,train,0
9289-LBQVU,test,0
6142-VSJQO,train,1
3458-IDMFK,train,0
6933-FHBZC,test,0
0221-NAUXK,train,0
9770-KXGQU,train,0
6437-UKHMV,train,1
6538-POCHL,train,0
6726-NNFWD,test,0
3002-WQZWT,train,0
4277-UDIEF,train,0
1208-NBVFH,train,0
4912-PIGUY,train,0
1114-CENIM,train,1
6060-DRTNL,train,1
2725-TTRIQ,train,0
3374-TTZTK,train,0
8990-ZXLSU,train,0
2275-RBYQS,train,0
8473-VUVJN,train,1
6289-CPNLD,train,1
5536-SLHPM,train,1
4419-UJMUS,test,0
7794-JASDG,train,0
7609-YBPXG,train,0
5519-TEEUH,test,0
7856-GANIL,train,0
0804-XBFBV,train,0
2676-OXPPQ,train,0
3703-TTEPD,train,0
2799-TSLAG,train,0
0196-VULGZ,train,1
8837-VVWLQ,train,1
2696-NARTR,train,1
2208-NKVVH,train,0
7614-QVWQL,train,1
1976-CFOCS,train,1
4631-OACRM,test,1
7139-JZFVG,train,0
4987-GQWPO,train,0
3755-JBMNH,train,1
1757-TCATG,train,0
6345-ULYRW,train,1
4776-XSKYQ,train,0
8048-DSDFQ,train,0
5753-QQWPW,test,0
6010-DDPPW,train,0
1809-DMJHQ,test,1
6693-FRIRW,train,0
6586-MYGKD,train,0
3173-NVMPX,test,0
0248-PGHBZ,train,0
0623-GDISB,train,0
2892-GESUL,test,0
6923-EFPNL,train,1
7472-EQOAV,train,0
9574-RKJIF,train,1
2043-WVTQJ,train,0
8034-RYTVV,test,0
3863-QSTYI,train,0
2619-WFQWU,train,1
5044-LRQAQ,train,0
1716-LSAMB,test,0
1333-PBMXB,train,0
6546-OPBBH,train,0
5985-BEHZK,train,0
9127-QRZMH,train,0
5919-VCZYM,train,0
9644-KVCNC,train,0
2137-DQMEV,train,0
8174-LNWMW,train,0
9279-CJEOJ,test,0
7964-VEXDG,train,0
2404-JIBFC,train,0
0778-NELLA,test,1
8029-XYPWT,train,0
4614-NUVZD,train,1
4632-PAOYU,train,0
3803-KMQFW,train,1
6804-GDMOI,train,1
2990-OGYTD,train,0
6646-JPPHA,train,0
9572-MTILT,train,1
7658-UYUQS,train,0
7880-XSOJX,train,0
9611-CTWIH,test,1
4589-IUAJB,train,0
0329-GTIAJ,train,1
8746-BFOAJ,train,0
8457-XIGKN,test,0
6072-NUQCB,train,0
6629-CZTTH,train,1
8838-GPHZP,train,0
8750-QWZAJ,train,0
5364-EVNIB,train,1
6918-UMQCG,train,0
0675-NCDYU,train,0
6339-DKLMK,train,0
1346-PJWTK,test,0
5088-QZLRL,train,0
8023-QHAIO,train,0
4397-FRLTA,train,0
3057-VJJQE,train,0
5087-SUURX,train,1
2302-OUZXB,train,0
8133-ANHHJ,train,0
2270-CHBFN,train,0
0013-EXCHZ,train,1
5982-FPVQN,train,0
9107-UKCKY,test,0
4654-ULTTN,test,0
5550-VFRLC,train,1
5546-BYZSM,train,0
1492-KGETH,train,0
4929-BSTRX,train,1
4163-HFTUK,train,0
8215-NGSPE,train,0
2225-ZRGSG,train,1
8859-YSTWS,train,0
5271-YNWVR,test,1
7601-DHFWZ,train,0
2657-ALMWY,train,1
6330-JKLPC,train,1
4667-OHGKG,test,1
1998-VHJHK,train,0
1707-HABPF,test,0
1660-HSOOQ,train,1
7253-UVNDW,train,1
0487-VVUVK,train,0
7228-OMTPN,train,1
5063-IUOKK,test,0
4508-OEBEY,train,0
0027-KWYKW,train,0
2308-STERM,test,0
5982-XMDEX,train,0
6284-AHOOQ,test,1
6051-PTVNS,train,0
2344-JMOGN,train,1
3799-ISUZQ,train,1
2877-VDUER,test,0
9152-AMKAK,train,0
1794-HBQTJ,train,1
9432-VOFYX,train,0
8049-WJCLQ,train,0
6586-PSJOX,train,0
2460-FPSYH,train,1
9705-ZJBCG,train,0
4818-DRBQT,train,1
1320-HTRDR,test,1
6847-KJLTS,train,0
9670-BPNXF,train,0
3913-FCUUW,test,0
3301-VKTGC,test,0
1493-AMTIE,test,1
9555-SAHUZ,train,0
0816-TSPHQ,test,0
9932-WBWIK,train,0
4619-EVPHY,test,0
5286-YHCVC,train,0
6424-ELEYH,train,1
4391-RESHN,train,1
9115-YQHGA,test,0
4462-CYWMH,train,0
8963-MQVYN,train,0
2458-EOMRE,train,0
9334-GWGOW,test,0
6821-BUXUX,test,1
5028-HTLJB,train,1
9801-GDWGV,train,1
6542-LWGXJ,test,0
5567-GZKQY,train,0
1222-LRYKO,train,0
2320-JRSDE,train,1
2087-QAREY,test,0
0601-WZHJF,train,1
4423-JWZJN,train,0
5143-WMWOG,train,1
6490-FGZAT,train,0
5393-RXQSZ,train,1
7452-FOLON,train,0
2320-TZRRH,test,0
0231-LXVAP,train,1
9444-JTXHZ,train,1
4942-VZZOM,train,0
5510-BOIUJ,train,1
7502-BNYGS,train,0
4291-HYEBC,train,0
6147-CBCRA,train,0
6047-SUHPR,train,0
4471-KXAUH,train,1
9752-ZNQUT,test,0
7638-QVMVY,train,1
1576-PFZIW,train,0
5666-MBJPT,test,0
7312-XSBAT,train,0
3096-GKWEB,train,0
2371-JQHZZ,train,0
0674-GCDXG,train,0
1121-QSIVB,train,0
4396-KLSEH,test,0
3244-DCJWY,test,1
2824-MYYBN,train,0
0875-CABNR,train,1
6345-HOVES,train,0
8318-LCNBW,train,0
6469-QJKZW,train,0
0147-ESWWR,train,0
1217-VASWC,test,0
7812-FZHPE,train,1
6370-ZVHDV,test,0
5915-DGNVC,train,0
6260-XLACS,train,0
3566-CAAYU,train,0
4983-CCWMC,test,0
9103-CXVOK,train,0
2896-TBNBE,train,0
4797-AXPXK,train,1
5229-PRWKT,train,1
6982-UQZLY,train,1
2522-WLNSF,test,0
3841-CONLJ,train,0
5057-LCOUI,train,1
0193-ESZXP,train,1
4475-NVTLU,train,0
4369-HTUIF,train,1
9386-LDCZR,train,0
9585-KKMFD,train,0
5399-ZIMKF,train,0
0336-KXKFK,train,0
5619-XZZKR,test,0
3948-FVVRP,test,0
5327-XOKKY,train,0
0983-TATYJ,test,0
1813-JYWTO,train,0
0156-FVPTA,train,1
1984-FCOWB,train,1
0654-HMSHN,train,1
6719-OXYBR,train,0
3312-ZWLGF,test,0
6476-YHMGA,train,0
5287-QWLKY,train,1
0795-XCCTE,train,0
0168-XZKBB,train,0
3785-NRHYR,train,0
5196-SGOAK,test,1
4537-DKTAL,train,0
7072-MBHEV,train,0
5602-BVFMK,train,0
6297-NOOPG,test,0
1891-UAWWU,train,1
8204-TIFGJ,train,0
8050-DVOJX,train,0
6108-OQZDQ,train,1
0363-QJVFX,test,1
8903-XEBGX,test,0
8169-SAEJD,train,0
9840-DVNDC,test,1
1089-XZWHH,train,0
2325-WINES,train,0
6064-ZATLR,test,0
3096-JRDSO,train,1
7824-PANSQ,train,0
8042-JVNFH,train,1
9648-BCHKM,test,0
2888-ADFAO,train,0
8707-HOEDG,train,0
3374-LXDEV,test,1
4072-IPYLT,train,0
7167-PCEYD,test,0
4936-YPJNK,train,0
1580-BMCMR,train,0
4817-KEQSP,train,0
6408-WHTEF,train,0
9251-AWQGT,train,0
8749-CLJXC,test,0
7989-VCQOH,train,0
5049-GLYVG,train,1
4199-QHJNM,train,0
8882-TLVRW,train,0
5883-GTGVD,train,1
5135-GRQJV,train,0
2384-OVPSA,train,0
1371-WEPDS,train,0
3580-GICBM,test,0
4817-QRJSX,train,1
9730-DRTMJ,train,0
4686-UXDML,test,0
3349-ANQNH,train,0
2398-YPMUR,train,1
0932-YIXYU,train,0
7480-SPLEF,train,0
7636-XUHWW,train,0
1431-CYWMH,train,0
5937-EORGB,train,0
6349-JDHQP,test,0
5539-HIVAK,train,0
5847-MXBEO,train,0
9985-MWVIX,train,1
4583-PARNH,train,0
1116-FRYVH,train,0
1421-HCERK,train,0
9633-XQABV,train,0
0716-BQNDX,train,0
1265-XTECC,train,1
1183-CANVH,train,0
1972-XMUWV,train,0
8679-LZBMD,train,0
3407-JMJQQ,train,0
6252-DFGTK,train,0
1539-LNKHM,train,0
8645-KOMJQ,train,0
0289-IVARM,test,0
9761-XUJWD,train,0
4057-FKCZK,train,0
4291-TPNFG,train,0
6087-YPWHO,train,0
3090-QFUVD,test,0
2237-ZFSMY,train,1
1722-LDZJS,train,0
1818-ESQMW,train,0
4871-JTKJF,train,1
1415-YFWLT,train,1
7401-RUBNK,train,0
0506-YLVKJ,train,0
8661-BOYNW,train,0
6711-VTNRE,test,1
4815-GBTCD,train,0
2805-AUFQN,test,0
0980-PVMRC,train,0
7233-DRTRF,train,0
3500-RMZLT,train,1
3873-NFTGI,train,0
1162-ECVII,train,0
7048-GXDAY,train,0
8571-ZCMCX,train,0
1169-WCVAK,test,0
4548-SDBKE,train,1
8066-POXGX,train,1
7129-CAKJW,train,0
8695-ARGXZ,train,0
3570-YUEKJ,train,0
4143-OOBWZ,train,1
1555-HAPSU,test,0
1697-NVVGY,train,0
7854-EKTJL,test,1
8464-EETCQ,train,0
2419-FSORS,train,0
8132-YPVBX,test,0
9102-IAYHT,train,1
6754-LZUKA,train,0
3422-LYEPQ,test,1
8099-MZPUJ,train,0
0787-LHDYT,train,0
2642-DTVCO,train,1
0374-IOEGQ,train,0
4361-JEIVL,train,1
3197-NNYNB,train,0
3396-DKDEL,test,0
1752-OZXFY,train,0
9066-QRSDU,train,0
9112-WSNPU,test,0
9867-NNXLC,train,0
5321-NTRKC,train,0
1363-TXLSL,train,1
9507-EXLTT,test,1
3161-GETRM,train,0
0402-OAMEN,test,0
6933-VLYFX,train,0
6754-WKSHP,train,0
9846-GKXAS,train,1
6017-PPLPX,train,1
4976-LNFVV,train,0
5055-MGMGF,train,0
4641-FROLU,train,0
2862-JVEOY,train,0
2969-QWUBZ,train,0
9822-BIIGN,test,0
2077-MPJQO,test,0
1534-OULXE,train,0
7136-RVDTZ,train,1
2971-SGAFL,test,0
1480-IVEVR,train,0
2905-KFQUV,train,0
4581-SSPWD,train,1
3370-HXOPH,train,0
9391-YZEJW,train,0
9958-MEKUC,train,0
0281-CNTZX,train,0
6927-WTFIV,train,1
4118-CEVPF,train,0
3398-ZOUAA,train,1
9114-VEPUF,train,0
7876-BEUTG,test,0
2338-BQEZT,train,0
9873-MNDKV,train,0
0378-NHQXU,train,1
8241-JUIQO,test,0
2194-IIQOF,train,0
4512-ZUIYL,test,1
9631-RXVJM,train,0
9584-EXCDZ,train,0
7969-AULMZ,train,1
5093-FEGLU,train,0
2621-UDNLU,train,0
7526-IVLYU,train,0
2428-HYUNX,train,0
9214-EKVXR,train,0
3410-MHHUM,train,0
0568-ONFPC,train,1
0733-VUNUW,test,1
4550-EVXNY,train,1
2122-YWVYA,train,0
2968-SSGAA,train,1
2296-DKZFP,train,0
4844-JJWUY,train,1
6777-TGHTM,test,1
8909-BOLNL,test,0
6603-YRDCJ,train,0
3538-WZPHD,train,1
3229-USWAR,test,0
2138-VFAPZ,train,0
6131-JLWZM,train,0
4785-QRJHC,test,1
0269-XFESX,train,0
1709-EJDOX,test,0
4316-XCSLJ,train,0
8610-WFCJF,train,1
9693-XMUOB,train,0
0383-CLDDA,train,0
4905-JEFDW,test,1
2709-UQGNP,train,0
3549-ZTMNH,train,0
7881-INRLC,train,1
8033-ATFAS,train,0
1635-NZATJ,train,0
0562-HKHML,train,0
8277-RVRSV,train,0
9943-VSZUV,train,0
0117-LFRMW,train,1
6172-FECYY,train,1
7054-ENNGU,test,0
1455-HFBXA,train,0
9402-CXWPL,train,0
1628-BIZYP,test,0
1965-AKTSX,train,1
0082-LDZUE,train,0
4786-UKSNZ,train,1
5343-SGUBI,train,0
0856-NAOES,train,0
1976-AZZPJ,train,0
7248-VZQLC,train,1
6156-UZDLF,train,0
3099-OONVS,train,0
9500-WBGRP,train,0
5183-KLYEM,train,0
5144-PQCDZ,train,0
8514-VZHEB,train,0
6625-IUTTT,train,0
9355-NPPFS,train,0
0068-FIGTF,train,0
5965-GGPRW,train,0
8035-PWSEV,train,0
2236-HILPA,test,0
1840-BIUOG,train,0
1356-MKYSK,train,0
6080-LNESI,test,0
1830-IPXVJ,test,0
5828-DWPIL,train,0
8398-TBIYD,train,0
0011-IGKFF,train,1
4192-GORJT,train,1
6496-SLWHQ,train,1
9912-GVSEQ,train,1
2931-FSOHN,train,0
9418-RUKPH,train,0
5383-MMTWC,train,1
9971-ZWPBF,train,0
4712-AUQZO,train,0
9711-FJTBX,train,0
2908-ZTPNF,train,0
7240-ETPTR,train,1
2202-CUYXZ,test,1
5995-OIGLP,train,1
8421-WZOOW,train,0
6261-RCVNS,train,1
7951-QKZPL,train,1
1414-YADCW,train,0
8756-RDDLT,train,0
2862-PFNIK,train,0
5816-QVHRX,train,0
4430-YHXGG,train,0
6888-SBYAI,train,0
7395-XWZOY,test,0
7169-YWAMK,train,0
3640-PHQXK,train,1
6877-LGWXO,train,1
6859-RKMZJ,train,0
2729-VNVAP,train,0
2957-JIRMN,train,0
2049-BAFNW,train,0
3842-QTGDL,train,0
7163-OCEQI,train,0
9782-LGXMC,train,0
5975-BAICR,test,0
8019-ENHXU,train,1
5167-GBFRE,train,1
9033-EOXWV,test,1
4673-KKSLS,train,0
4853-OITSN,train,0
9800-OUIGR,train,0
1324-NLTJE,train,1
2324-EFHVG,train,0
7094-MSZAO,train,0
1522-VVDMG,test,1
6907-CQGPN,train,0
0780-XNZFN,train,0
0239-OXEXL,train,0
2675-IJRGJ,train,0
7049-GKVZY,train,0
8577-QSOCG,train,0
3721-CNZHX,train,0
0212-ISBBF,train,0
9185-TQCVP,train,1
3585-YNADK,train,0
5271-DBYSJ,train,0
1099-GODLO,train,0
6828-HMKWP,train,0
5567-WSELE,train,1
1472-TNCWL,train,0
8063-RJYNF,train,1
0687-ZVTHB,train,1
2080-GKCWQ,train,0
9661-ACXBS,train,1
2193-SFWQW,train,0
5656-JAMLX,train,0
3462-BJQQA,train,0
0442-TDYUO,train,0
6733-LRIZX,test,0
9503-XJUME,train,0
4367-NHWMM,train,0
3727-RJMEO,train,1
3779-OSWCF,train,0
6736-DHUQI,train,0
3915-ODIYG,train,0
1360-RCYRT,train,0
2724-FJDYW,train,0
4451-RWASJ,train,0
6646-VRFOL,train,1
3460-TJBWI,train,0
5917-HBSDW,train,0
5685-IIXLY,train,1
5671-UUNXD,train,0
0956-ACVZC,train,0
2325-NBPZG,test,0
4250-ZBWLV,train,1
4482-FTFFX,train,0
8859-DZTGQ,train,0
0440-MOGPM,train,0
0020-JDNXP,train,0
3752-CQSJI,train,0
5025-GOOKI,test,0
4698-KVLLG,test,0
5095-AESKG,train,1
2887-JPYLU,train,0
4770-QAZXN,train,0
4896-CPRPF,train,0
1871-MOWRM,train,1
9714-EDSUC,train,0
2027-OAQQC,train,1
0282-NVSJS,train,0
9090-SGQXL,train,1
6595-YGXIT,train,1
7353-YOWFP,train,0
9835-ZIITK,train,1
8008-ESFLK,train,0
7537-CBQUZ,train,0
1555-DJEQW,train,1
5649-TJHOV,train,1
0519-XUZJU,train,1
3363-EWLGO,train,0
4750-UKWJK,train,0
6338-AVWCY,test,1
1689-YQBYY,train,0
4487-ZYJZK,train,0
2959-FENLU,train,0
0708-LGSMF,train,0
9253-QXKBE,train,1
7634-HLQJR,train,0
0487-RPVUM,train,0
4079-ULGFR,train,0
2516-XSJKX,train,0
0057-QBUQH,test,0
9445-SZLCH,train,1
6599-SFQVE,train,0
8331-ZXFOE,train,0
4003-FUSHP,test,0
0356-ERHVT,train,0
7325-ENZFI,train,0
4884-ZTHVF,train,0
3920-HIHMQ,train,0
3055-OYMSE,train,0
0613-WUXUM,train,0
7568-PODML,train,1
4458-KVRBJ,train,0
5349-IECLD,train,1
1397-XKKWR,train,0
3945-GFWQL,train,1
8097-OMULG,train,0
6013-BHCAW,test,0
0401-WDBXM,train,0
3387-PLKUI,train,0
6096-EGVTU,test,0
3797-VTIDR,train,1
5081-NWSUP,test,0
2580-ATZSQ,train,0
8085-MSNLK,train,0
9691-HKOVS,train,0
9881-VCZEP,train,0
9526-BIHHD,train,1
8757-TFHHJ,test,0
4523-WXCEF,train,1
1468-DEFNC,train,0
5119-KEPFY,train,0
8364-TRMMK,train,1
0916-KNFAJ,train,0
8319-QBEHW,train,0
3063-QFSZL,test,1
8775-LHDJH,train,1
9625-QNLUX,train,0
3097-NQYSN,train,1
4024-CSNBY,train,0
7110-BDTWG,train,0
7493-GVFIO,train,0
0690-SRQID,train,0
9605-WGJVW,train,0
9114-DPSIA,test,0
4700-UBQMV,test,0
7711-GQBZC,train,0
3565-UNOCC,train,1
4627-MIHJH,test,0
9795-NREXC,train,0
8573-CGOCC,train,0
7356-AYNJP,test,0
9249-FXSCK,train,1
5493-SDRDQ,train,1
6286-SUUWT,test,0
4819-HJPIW,test,0
8654-DHAOW,train,0
5438-QMDDL,test,0
9812-GHVRI,test,0
5553-AOINX,train,0
1228-ZLNBX,train,0
4226-KKDON,test,0
3831-YCPUO,test,0
7445-WMRBW,train,0
3308-DGHKL,train,0
9924-JPRMC,train,0
0080-EMYVY,train,0
6218-KNUBD,train,0
7337-CINUD,test,0
7609-NRNCA,train,0
0623-EJQEG,train,0
7153-CHRBV,train,0
0871-URUWO,test,1
9190-MFJLN,train,1
6198-PNNSZ,test,0
3317-VLGQT,train,0
4132-POCZS,train,0
5614-DNZCE,train,0
1095-JUDTC,train,1
3896-RCYYE,test,0
9638-JIQYA,test,0
3258-SANFR,train,0
3726-TBHQT,train,0
3190-ITQXP,train,0
0870-VEMYL,test,1
4833-QTJNO,train,0
3039-MJSLN,train,0
0178-CIIKR,test,0
5385-SUIRI,train,1
3982-XWFZQ,test,1
5774-QPLTF,test,0
2322-VCZHZ,train,0
5010-IPEAQ,train,0
4009-ALQFH,train,1
6383-ZTSIW,test,0
8990-YOZLV,train,0
3069-SSVSN,test,0
5222-IMUKT,train,0
3627-FCRDW,train,1
7562-GSUHK,train,1
6685-XSHHU,train,0
8901-UPRHR,train,0
4903-UYAVB,train,1
0118-JPNOY,train,0
6776-TLWOI,test,1
3845-FXCYS,train,0
5857-XRECV,test,0
0725-CXOTM,test,0
4343-EJVQB,train,0
9000-PLFUZ,train,0
3427-GGZZI,train,0
7779-ORAEL,train,0
0644-OQMDK,train,0
4077-CROMM,train,1
3154-CFSZG,train,0
2868-MZAGQ,train,1
4847-QNOKA,train,1
2220-IAHLS,train,0
1658-XUHBX,train,0
6379-RXJRQ,train,1
2378-HTWFW,train,0
8650-RHRKE,test,1
4377-VDHYI,test,0
0475-RIJEP,train,1
1260-TTRXI,train,1
3719-TDVQB,train,0
6328-ZPBGN,test,1
0201-MIBOL,train,0
4937-QPZPO,test,0
2925-VDZHY,test,0
6981-TDRFT,train,0
3413-CSSTH,test,0
8033-VCZGH,test,0
4789-KWMXN,train,1
0224-NIJLP,train,0
7542-CYDDM,train,0
4718-WXBGI,train,0
2867-UIMSS,test,1
8495-PRWFH,test,0
0439-IFYUN,train,0
5716-LIBJC,train,0
2868-LLSKM,train,0
8111-RKSPX,train,1
2988-QRAJY,train,0
1585-MQSSU,train,1
0071-NDAFP,train,0
2856-NNASM,train,1
7328-ZJAJO,train,0
6458-CYIDZ,train,0
8559-CIZFV,train,1
1090-PYKCI,train,0
3058-WQDRE,train,0
7547-EKNFS,train,1
2279-AXJJK,test,0
6769-DYBQN,test,1
0909-SELIE,test,0
3417-TSCIC,train,0
1042-HFUCW,train,0
4439-JMPMT,train,1
6537-OTKMY,train,0
8999-EXMNO,train,0
6725-TPKJO,train,0
2446-BEGGB,train,1
7162-WPHPM,train,0
1599-MMYRQ,train,0
8821-KVZKQ,train,0
1496-GGSUK,train,1
6434-TTGJP,test,0
0042-JVWOJ,train,0
0130-SXOUN,train,0
2575-GFSOE,train,1
2330-PQGDQ,train,0
1452-UZOSF,train,0
2097-YVPKN,train,0
2842-JTCCU,train,1
8597-CTXVJ,train,0
6631-HMANX,train,0
9962-BFPDU,test,0
3296-SILRA,train,1
9681-OXGVC,train,1
6394-HHHZM,train,0
5995-LFTLE,train,0
5180-UCIIQ,train,1
1932-UEDCX,train,0
7153-OANIO,train,1
5188-HGMLP,train,0
0665-XHDJU,test,0
6521-YYTYI,train,1
8878-HMWBV,train,1
8265-HKSOW,train,0
3544-FBCAS,train,0
5331-RGMTT,test,0
4759-PXTAN,test,0
7054-DMVAS,train,0
3428-MMGUB,train,0
6549-BTYPG,train,0
7823-JSOAG,train,0
3705-RHRFR,train,0
9374-YOLBJ,test,0
9074-KGVOX,train,0
6128-DAFVY,train,0
9933-QRGTX,train,0
4476-OSWTN,train,0
3751-KTZEL,train,1
1977-STDKI,train,1
5066-GFJMM,train,0
2661-GKBTK,train,0
0458-HEUZG,train,0
7268-WNTCP,train,0
0824-VWDPO,train,0
8409-WQJUX,test,0
2578-JQPHZ,train,0
3278-FSIXX,train,0
5813-UECBU,train,1
0328-GRPMV,train,1
9746-UGFAC,test,0
2946-KIQSP,train,0
0625-AFOHS,test,0
6726-WEXXK,train,0
4636-OLWOE,train,0
4342-HENTK,test,1
4685-ERGHK,train,0
0885-HMGPY,train,0
5003-OKNNK,train,0
4195-SMMNX,train,1
7208-PSIHR,train,0
4012-ZTHBR,train,0
0489-WMEMG,train,0
7435-ZNUYY,train,0
1354-YZFNB,train,0
6956-SMUCM,train,1
2985-FMWYF,test,0
2812-ENYMO,train,0
2717-HVIZY,train,0
3223-WZWJM,train,1
3422-GALYP,train,0
9053-JZFKV,train,1
2530-ENDWQ,train,1
2890-WFBHU,train,0
0327-WFZSY,test,0
7977-HXJKU,train,0
6615-ZGEDR,train,1
7033-CLAMM,train,0
4023-RTIQM,train,0
0864-FVJNJ,train,0
7356-IWLFW,train,0
9541-PWTWO,train,0
3967-VQOGC,test,0
7872-RDDLZ,train,0
9250-WYPLL,train,1
6308-CQRBU,train,0
2754-XBHTB,test,1
1597-LHYNC,train,1
0186-CAERR,train,0
3043-SUDUA,train,0
5442-BHQNG,test,0
2169-RRLFW,test,0
5872-OEQNH,train,0
3162-KKZXO,train,0
7055-VKGDA,train,1
0754-UKWQP,train,1
8873-GLDMH,test,0
5696-JVVQY,test,0
8946-BFWSG,train,0
7493-TPUWZ,train,1
0547-HURJB,train,0
8904-OPDCK,train,0
8845-LWKGE,train,0
1577-HKTFG,train,1
8752-STIVR,test,1
0691-NIKRI,train,0
5022-JNQEQ,test,0
4558-FANTW,train,1
3249-VHRIP,train,0
3736-BLEPA,train,0
4701-LKOZD,train,0
6603-QWSPR,train,0
9921-QFQUL,train,0
1929-ZCBHE,test,0
4378-MYPGO,test,0
8651-ENBZX,train,1
4129-LYCOI,train,0
7798-JVXYM,train,0
8647-SDTWQ,train,0
2696-ECXKC,train,0
2081-KJSQF,train,0
7623-TRNQN,test,1
3323-CPBWR,train,0
9330-IJWIO,train,1
3384-CTMSF,train,0
0902-RFHOF,train,0
9286-DOJGF,test,1
6048-QBXKL,test,0
9661-MHUMO,test,1
7718-RXDGG,train,0
1025-FALIX,train,0
3451-VAWLI,train,0
3407-QGWLG,train,0
1842-EZJMK,train,1
2347-WKKAE,train,0
8735-DCXNF,train,0
3214-IYUUQ,train,0
1936-UAFEH,test,0
3587-PMCOY,test,0
8079-XRJRS,train,1
1027-LKKQQ,train,0
7148-XZPHA,train,0
8073-IJDCM,train,1
5309-TAIKL,train,0
6856-RAURS,test,0
8778-LMWTJ,test,0
9717-IOAAF,train,0
8884-ADFVN,test,1
2845-KDHVX,train,0
0848-SOMKO,train,0
2720-WGKHP,train,1
6734-FQAJX,test,0
2869-ADAWR,train,1
1535-VTJOQ,train,0
6368-TZZDT,train,0
0943-ZQPXH,train,0
1293-BSEUN,train,0
9894-EZEWG,train,1
1302-TPUBN,train,0
7851-FLGGQ,test,1
0637-UBJRP,train,1
0940-OUQEC,train,1
2378-VTKDH,train,0
0927-CNGRH,train,0
8608-OZTLB,train,0
2335-GSODA,test,0
1952-DVVSW,test,0
0702-PGIBZ,train,1
6656-GULJQ,train,0
9853-JFZDU,train,0
1963-VAUKV,test,1
3777-XROBG,train,0
6994-FGRHH,train,0
4000-VGMQP,train,0
3999-WRNGR,train,0
3466-RITXD,test,0
2680-XKKNJ,train,0
3058-HJCUY,train,1
2974-GGUXS,train,0
7994-XIRTR,train,0
3259-FDWOY,train,1
2101-RANCD,test,0
7921-BEPCI,train,0
0807-ZABDG,train,1
8510-TMWYB,train,0
3258-ZKPAI,train,0
1428-IEDPR,train,0
5298-GSTLM,train,0
4450-YOOHP,train,0
6728-CZFEI,train,0
5748-RNCJT,train,1
3653-NCRDJ,train,0
6121-TNHBO,train,0
5119-NZPTV,train,0
6519-ZHPXP,test,0
7739-LAXOG,train,1
3472-QPRCH,train,0
8224-UAXBZ,train,0
9610-WCESF,test,0
9776-CLUJA,train,1
2486-WYVVE,train,0
3865-ZYKAD,test,0
1422-DGUBX,train,0
2999-AANRQ,train,0
8668-KNZTI,train,0
0480-KYJVA,test,0
6034-ZRYCV,train,1
9746-YKGXB,train,0
3926-YZVVX,test,0
6000-UKLWI,train,0
2079-FBMZK,train,1
6332-FBZRI,test,0
2096-XOTMO,train,0
3266-FTKHB,train,0
8221-EQDGL,train,0
2346-LOCWC,test,0
6608-QQLVK,test,1
0298-XACET,test,0
7560-QJAVJ,test,0
2995-YWTCD,train,0
3551-HUAZH,train,1
9137-UIYPG,train,0
2809-ZMYOQ,train,0
5084-OOVCJ,train,0
0254-WWRKD,train,0
7727-SHVZV,train,0
6302-JGYRJ,train,1
5339-PXDVH,test,0
2205-LPVGL,train,0
8782-NUUOL,test,0
3685-YLCMQ,train,1
7601-WFVZV,train,0
4609-KNNWG,train,0
4868-AADLV,train,0
9529-OFXHY,train,0
8634-MPHTR,train,1
2669-QVCRG,test,0
2478-EEWWM,test,0
9174-IHETN,train,0
2233-TXSIU,test,0
9644-UMGQA,train,0
3256-EZDBI,train,0
8761-NSOBC,train,1
0419-YAAPX,train,0
8413-VONUO,train,1
0872-CASZJ,train,0
4726-DLWQN,train,0
8164-OCKUJ,train,0
3094-JOJAI,test,0
9494-MRNYX,train,0
2599-CZABP,train,0
7945-PRBVF,train,0
4544-RXFMG,train,0
0859-YGKFW,train,0
1150-FTQGN,train,0
9223-UCPVT,train,1
7196-LIWRH,train,0
5448-VWNAM,train,0
1177-XZBJL,train,0
3518-FSTWG,train,0
9330-VOFSZ,test,0
4351-QLCSU,train,1
0939-EREMR,train,0
9389-ACWBI,test,0
5419-JPRRN,train,1
3644-QXEHN,train,0
2911-IJORQ,train,0
5921-NGYRH,test,0
2100-BDNSN,train,1
5998-DZLYR,train,0
0488-GSLFR,train,1
9318-NKNFC,train,1
3985-HOYPM,test,0
9728-FTTVZ,train,1
9548-LERKT,test,0
6576-FBXOJ,train,0
4310-KEDTB,train,0
7254-IQWOZ,train,1
2474-BRUCM,train,1
4062-HBMOS,train,0
0742-NXBGR,train,1
2676-ISHSF,train,0
9236-NDUCW,train,0
4753-PADAS,test,0
6103-QCKFX,train,0
7781-EWARA,train,0
6110-OHIHY,train,1
7018-FPXHH,train,0
5889-LFOLL,train,1
5708-EVONK,train,1
8708-XPXHZ,train,1
0616-ATFGB,test,1
0572-ZJKLT,train,0
5135-RDDQL,train,0
1353-LJWEM,train,0
1794-SWWKL,train,0
6166-YIPFO,train,0
7016-BPGEU,train,1
6876-ADESB,train,1
9332-GYWLO,train,0
1963-SVUCV,train,1
4184-VODJZ,test,0
0220-EBGCE,train,1
1092-WPIVQ,train,0
7233-IOQNP,test,0
2834-JKOOW,test,0
2754-VDLTR,train,1
2400-FEQME,train,0
3190-XFANI,train,1
7551-DACSP,train,1
4957-SREEC,train,0
7235-NXZCP,test,1
0230-UBYPQ,test,0
4923-ADWXJ,train,0
1763-KUAAW,train,0
1104-TNLZA,train,0
5195-KPUNQ,train,0
0520-FDVVT,train,1
3439-GVUSX,train,0
1444-VVSGW,test,1
5712-PTIWW,train,1
5949-HGVJL,test,0
5203-XEHAX,train,0
1635-HDGFT,train,0
3315-TOTBP,train,1
8050-XGRVL,train,0
6661-HBGWL,test,1
1518-VOWAV,train,1
9828-QHFBK,train,0
3908-MKIMJ,train,0
5012-YSPJJ,train,0
5909-ECHUI,train,1
1309-BXVOQ,train,1
6728-VOIFY,train,0
9317-WZPGV,train,1
4891-NLUBA,train,0
2856-HYAPG,train,1
8969-PRHFK,train,0
0661-KQHNK,train,0
8709-KRDVL,test,0
4488-PSYCG,train,1
1427-VERSM,train,0
9801-NOSHQ,train,0
6339-YPSAH,train,0
3621-CEOVK,train,1
6906-ANDWJ,train,1
2159-TURXX,test,0
1548-FEHVL,train,0
3795-CAWEX,train,0
6215-NQCPY,train,0
5647-URDKA,train,0
2229-DPMBI,train,0
9626-WEQRM,train,0
2188-SXWVT,test,0
6258-PVZWJ,train,0
1094-BKOSX,train,0
6969-MVBAI,test,0
2978-XXSOG,train,0
2342-CKIAO,train,0
6953-PBDIN,test,0
3898-BSJYF,train,0
3938-YFPXD,train,0
7696-AMHOD,train,0
2453-SAFNS,train,0
9558-IHEZX,train,0
9617-UDPEU,train,0
6340-DACFT,test,0
4955-VCWBI,test,0
6813-GZQCG,train,0
7426-GSWPO,train,0
3389-KTRXV,train,0
3118-UHVVQ,train,0
1031-IIDEO,train,1
5832-XKAES,train,1
3205-MXZRA,train,0
4701-AHWMW,test,1
8317-BVKSO,train,0
5702-KVQRD,test,0
0083-PIVIK,train,0
9210-IAHGH,train,1
6169-PGNCD,train,0
0023-XUOPT,test,1
4592-IWTJI,train,1
4909-JOUPP,train,0
4657-FWVFY,train,0
2257-BOVXD,test,0
7729-JTEEC,train,0
7632-MNYOY,train,1
6518-LGAOV,train,1
7242-QZLXF,train,1
4576-CSAJH,train,1
1000-AJSLD,train,1
9696-RMYBA,train,0
8690-UPCZI,test,0
1062-LHZOD,train,1
9770-LXDBK,train,0
4086-WITJG,test,0
8344-WFMFH,train,0
9600-NAXZN,train,1
8822-KNBHV,train,0
8404-FYDIB,train,0
2791-SFVEW,train,0
6457-USBER,train,1
6762-NSODU,train,0
4662-EKDPQ,train,1
9248-OJYKK,test,1
9888-ZCUMM,train,0
3398-FSHON,train,1
3319-DWOEP,train,1
1074-WVEVG,train,0
9979-RGMZT,test,0
6437-UDQJM,train,0
1226-IENZN,train,0
2108-GLPQB,train,0
9259-PACGQ,train,1
4415-IJZTP,test,1
1465-VINDH,train,1
5474-LAMUQ,train,0
3468-DRVQJ,train,0
1122-YJBCS,test,0
4990-ALDGW,train,0
4816-OKWNX,train,0
3315-IKYZQ,train,0
2810-FTLEM,train,1
4747-LCAQL,train,0
3411-WLRSQ,train,0
0898-XCGTF,train,0
8006-PYCSW,train,0
8249-THVEC,train,0
8722-PRFDV,train,0
2164-SOQXL,train,0
4020-KIUDI,train,0
5850-BDWCY,test,0
2038-YSEZE,train,0
0827-ITJPH,train,0
8799-OXZMD,train,0
1925-TIBLE,train,1
1705-GUHPV,test,0
4779-ZGICK,test,0
0048-PIHNL,test,0
0818-OCPZO,train,1
3967-KXAPS,test,0
1447-GIQMR,train,1
3704-IEAXF,train,0
6810-VCAEX,train,0
0674-EYYZV,train,0
4480-MBMLB,train,0
1395-OFUWC,test,0
0822-QGCXA,train,0
0872-NXJYS,train,1
2832-KJCRD,train,0
3588-WSTTJ,train,0
4075-WKNIU,train,0
5090-EMGTC,train,0
2346-CZYIL,train,0
3798-EPWRR,train,0
6258-NGCNG,test,0
4186-ZBUEW,train,0
5274-XHAKY,train,0
1442-BQPVU,train,0
3978-YNKDD,test,0
4940-KHCWD,test,0
9412-ARGBX,test,1
1389-CXMLU,train,1
9589-ABEPT,train,0
9388-ZEYVT,train,0
0305-SQECB,train,0
7605-SNLQG,train,0
4670-TABXH,train,0
5561-NWEVX,train,1
0064-SUDOG,train,0
8561-NMTBD,train,0
5161-XEUVX,test,0
8292-FRFZQ,train,0
8591-NXRCV,train,0
7895-VONWT,train,0
4526-RMTLL,train,0
6253-GNHWH,train,0
4566-NECEV,train,0
8080-POTJR,train,0
6906-MPARY,train,0
3662-FXJFO,train,0
8107-RZLNV,train,0
0516-OOHAR,test,0
2027-CWDNU,train,0
2737-WFVYW,train,1
9912-OMZDS,train,0
3733-ZEECP,train,0
7878-RTCZG,train,0
2452-MRMZF,train,0
2272-QAGFO,train,1
7103-IPXPJ,train,0
4342-HFXWS,train,0
3545-CNWRG,train,0
1785-BPHTP,train,0
4989-LIXVT,train,0
7315-WYOAW,train,0
1173-XZPYF,train,0
9850-OWRHQ,train,1
3768-NLUBH,train,1
8676-TRMJS,test,1
2509-TFPJU,train,0
9530-GRMJG,test,0
6898-RBTLU,train,0
5481-NTDOH,train,0
2068-WWXQZ,train,0
7359-SSBJK,train,1
2061-VVFST,test,0
0685-MLYYM,test,1
0749-IRGQE,test,0
2380-DAMQP,train,0
2256-YLYLP,train,0
1272-ILHFG,train,0
0164-XAIRP,test,0
5666-CYCYZ,train,0
4011-ARPHK,train,0
8182-PNAGI,train,1
6365-HITVU,test,0
7558-IMLMT,train,0
9488-FYQAU,train,0
3590-TCXTB,train,0
6994-KERXL,train,0
7957-RYHQD,test,1
2180-DXNEG,train,1
1960-UOTYM,train,0
2740-JFBOK,train,0
6500-JVEGC,train,0
5515-AKOAJ,train,1
8976-OQHGT,train,1
5245-VDBUR,test,0
6230-BSUXY,test,1
8469-SNFFH,train,0
2144-ESWKO,train,0
1241-FPMOF,train,0
9928-BZVLZ,train,0
4114-QMKVN,train,0
2775-SEFEE,train,0
9003-CPATH,train,0
1754-GKYPY,train,0
5294-CDGWY,train,1
7956-XQWGU,train,0
1591-MQJTP,train,0
5295-PCJOO,train,1
2369-FEVNO,test,0
9863-JZAIC,train,1
7471-MQPOS,test,0
7660-HDPJV,train,1
5115-SQAAU,train,0
9845-QOMAD,train,0
7672-VFMXZ,train,0
9739-JLPQJ,train,0
9916-AYHTC,train,0
3855-ONCAR,train,0
1488-SYSFC,train,0
7931-PXHFC,train,1
3990-QYKBE,train,1
0970-QXPXW,train,0
3259-KNMRR,train,0
6120-RJKLU,train,0
9572-WUKSB,test,0
5893-KCLGT,train,0
0076-LVEPS,test,0
3640-JQGJG,train,0
4919-MOAVT,train,1
1596-OQSPS,train,0
9867-XOBQA,test,0
9546-KDTRB,train,0
3090-HAWSU,train,1
9820-RMCQV,test,1
3174-RKMOW,train,0
1760-CAZHT,train,0
7839-QRKXN,train,1
8441-SHIPE,train,0
5204-QZXPU,train,1
4597-ELFTS,train,1
1320-GVNHT,train,0
1047-RNXZV,test,0
3541-ZNUHK,train,0
8450-JOVAH,test,1
8725-JEDFD,train,0
7562-UXTPG,train,0
8071-SBTRN,train,0
1113-IUJYX,train,1
6668-CNMFP,train,0
5626-MGTUK,train,0
5681-LLOEI,train,0
8212-DJRCH,test,0
4323-OHFOW,train,0
4933-BSAIP,train,0
2030-BTZRO,train,0
1116-DXXDF,train,0
9274-CNFMO,train,1
7758-XKCBS,train,1
8992-JQYUN,train,1
6563-VNPMN,train,0
0617-AQNWT,train,1
2267-WTPYD,train,0
0270-THENM,train,0
2446-PLQVO,train,1
4707-MAXGU,train,0
2710-WYVXG,train,0
3005-NFMTA,train,1
6300-BWMJX,train,0
8784-CGILN,train,1
5389-FFVKB,train,1
7009-LGECI,train,0
8444-WRIDW,train,1
5022-KVDQT,train,0
7976-CICYS,train,0
1036-GUDCL,test,0
2005-DWQZJ,train,0
8148-WOCMK,train,0
7815-PDTHL,train,0
9451-LPGOO,train,1
9173-IVZVP,train,0
9129-UXERG,train,0
3635-JBPSG,train,0
7964-ZRKKG,train,0
5868-YWPDW,train,1
6229-LSCKB,train,0
2025-JKFWI,test,1
4078-SAYYN,train,1
1724-IQWNM,train,0
8217-QYOHV,train,0
5546-QUERU,train,0
9940-HPQPG,train,1
6897-UUBNU,train,0
6127-IYJOZ,train,0
6618-RYATB,train,1
8930-XOTDP,test,0
5916-QEWPT,train,0
5060-TQUQN,train,0
0531-XBKMM,train,0
8465-SBRXP,train,0
2408-PSJVE,test,0
9079-YEXQJ,test,1
9700-ZCLOT,train,0
8738-JOKAR,train,0
4534-WGCIR,train,0
1930-WNXSB,train,0
2685-SREOM,train,1
3508-CFVZL,train,0
0402-CQAJN,train,1
6692-UDPJC,train,1
1273-MTETI,train,1
0657-DOGUM,train,0
5480-HPRRX,test,1
8792-AOROI,train,0
0295-PPHDO,test,1
5146-YYFRZ,train,0
1195-OIYEJ,train,1
5906-CVLHP,train,1
3452-SRFEG,train,0
4070-OKWVH,train,0
5297-MDOIR,test,0
6369-MCAKO,train,0
4926-UMJZD,train,0
6848-HJTXY,test,0
6341-AEVKX,train,0
4501-EQDRN,train,1
2990-HWIML,train,1
0682-USIXD,test,0
6976-BWGLQ,train,0
7078-NVFAM,train,0
8065-QBYTO,train,0
2133-TSRRM,train,0
7384-GHBPI,train,1
7603-USHJS,test,1
7234-FECYN,train,1
2511-ALLCS,train,0
3191-CSNMG,train,0
7952-OBOYL,test,0
7470-DYNOE,train,0
7853-OETYL,train,0
1545-ACTAS,train,0
5876-HZVZM,train,1
1400-MMYXY,test,1
5126-RCXYW,train,0
3085-QUOZK,train,1
2363-BJLSL,train,0
1956-YIFGE,test,0
3926-CUQZX,train,1
7921-LMDFQ,train,0
2925-MXLSX,train,0
5820-PTRYM,test,0
9609-BENEA,train,0
6211-WHMYA,train,0
4459-BBGHE,train,0
9945-PSVIP,test,0
1041-RXHRA,train,1
1750-CSKKM,train,1
9108-EJFJP,train,0
0530-IJVDB,train,0
0508-SQWPL,train,0
2215-ZAFGX,train,0
8213-TAZPM,train,0
7142-HVGBG,train,1
1304-SEGFY,train,0
7242-EDTYC,train,0
2904-GGUAZ,train,0
8267-ZNYVZ,train,1
5136-GFPMB,test,0
2595-KIWPV,train,0
5243-SAOTC,train,0
9398-MMQTO,train,0
7619-PLRLP,train,0
6457-GIRWB,train,1
6508-NJYRO,train,0
1450-SKCVI,train,1
4710-NKCAW,train,0
5306-BVTKJ,train,0
0357-NVCRI,train,0
5570-PTWEH,train,1
2371-KFUOG,train,0
0463-ZSDNT,train,0
6502-MJQAE,train,1
6257-DTAYD,train,0
4616-ULAOA,train,0
7693-LCKZL,train,1
7746-AWNQW,train,0
5996-EBTKM,train,0
2758-RNWXS,test,0
2314-TNDJQ,train,0
2405-LBMUW,train,0
3454-JFUBC,test,0
0032-PGELS,train,1
9039-ZVJDC,train,0
6797-LNAQX,test,1
9013-AQORL,test,0
2898-MRKPI,train,0
2750-BJLSB,test,0
3648-GZPHF,train,0
2075-RMJIK,train,0
9588-YRFHY,test,0
6394-MFYNG,train,1
1564-NTYXF,train,1
9364-YKUVW,test,0
5392-AKEMH,train,0
2451-YMUXS,train,0
3914-FDRHP,train,0
3078-ZKNTS,train,0
1024-KPRBB,train,0
4690-PKDQG,train,0
8155-IBNHG,train,1
0886-QGENL,train,1
9547-ITEFG,train,0
1264-FUHCX,test,0
7789-CRUVC,test,0
6598-KELSS,train,0
8739-WWKDU,test,1
8685-WHQPW,train,1
4745-LSPLO,train,1
8083-YTZES,test,1
7240-FQLHE,train,1
6664-FPDAC,test,1
9972-VAFJJ,test,0
0422-UXFAP,test,0
1904-WAJAA,train,0
5130-YPIRV,train,0
2843-CQMEG,test,0
6439-PKTRR,train,0
5351-QESIO,test,0
0786-VSSUD,train,1
5568-DMXZS,train,0
8468-FZTOE,train,0
6633-SYEUS,train,0
6447-GORXK,train,0
6967-PEJLL,test,0
3976-BWUCK,train,1
5981-ZVXOT,train,0
1684-FLBGS,train,0
1389-WNUIB,train,0
0376-OIWME,train,0
3585-ISXZP,test,1
0218-QNVAS,train,0
6583-QGCSI,train,1
0804-YGEQV,train,0
7164-BPTUT,train,0
4174-LPGTI,train,1
2523-EWWZL,train,0
0928-XUTSN,train,0
2108-XWMPY,train,1
0052-YNYOT,test,0
6304-IJFSQ,test,1
9586-JGQKH,test,0
4501-VCPFK,train,0
6075-SLNIL,train,0
9347-AERRL,train,0
0093-XWZFY,train,1
2274-XUATA,train,0
1980-KXVPM,test,1
7703-ZEKEF,train,1
0723-DRCLG,train,1
5482-NUPNA,test,1
6691-CCIHA,train,0
1685-BQULA,train,0
9053-EJUNL,train,0
0666-UXTJO,train,0
1471-GIQKQ,test,0
4807-IZYOZ,train,0
1122-JWTJW,train,1
9710-NJERN,train,0
9837-FWLCH,train,0
1699-HPSBG,train,1
7203-OYKCT,train,0
1035-IPQPU,test,0
7398-LXGYX,test,0
2823-LKABH,train,0
8775-CEBBJ,train,1
0550-DCXLH,train,0
9281-CEDRU,train,0
2235-DWLJU,train,0
0871-OPBXW,train,0
3605-JISKB,train,0
6894-LFHLY,train,1
9767-FFLEM,test,0
0639-TSIQW,train,1
8456-QDAVC,train,0
7750-EYXWZ,test,0
2569-WGERO,train,0
6840-RESVB,train,0
2234-XADUH,train,0
4801-JZAZL,train,0
8361-LTMKD,test,1
3186-AJIEK,train,0
